sourceCode,sourceName,sourceFrequency,sourceAutoAssignedConceptIds,matchScore,targetConceptId,targetConceptName,targetVocabularyId,targetDomainId,targetStandardConcept,targetChildCount,targetParentCount,targetConceptClassId,targetConceptCode,targetValidStartDate,targetValidEndDate,targetInvalidReason
פטוסייד עקב אנצפלוס,פטוסייד עקב אנצפלוס,1,,0.119343475,436228,Fetal death due to termination of pregnancy,SNOMED,Observation,S,0,1,Clinical Finding,67313008,20020131,20991231,
הילוד נולד עם דופק מתחת ל-40,הילוד נולד עם דופק מתחת ל-40,0,,0.238499641,4172864,Neonatal cardiac failure,SNOMED,Condition,S,2,2,Clinical Finding,276514007,20020131,20991231,
הפסקת הריון ב-KCL,הפסקת הריון ב-KCL,1,,0.249100864,436228,Fetal death due to termination of pregnancy,SNOMED,Observation,S,0,1,Clinical Finding,67313008,20020131,20991231,
פטוסייד בשל מומים מוחיים ולבביים,פטוסייד בשל מומים מוחיים ולבביים,1,,0.164920583,43021739,Abnormality of fetal heart,SNOMED,Condition,S,29,2,Clinical Finding,473383000,20130131,20991231,
פטוסייד בשל מומים מוחיים ולבביים,פטוסייד בשל מומים מוחיים ולבביים,1,,0.164920583,377085,Congenital anomaly of brain,SNOMED,Condition,S,103,3,Clinical Finding,57148006,20020131,20991231,
פטוסייד בשל מומים מוחיים ולבביים,פטוסייד בשל מומים מוחיים ולבביים,1,,0.164920583,436228,Fetal death due to termination of pregnancy,SNOMED,Observation,S,0,1,Clinical Finding,67313008,20020131,20991231,
TTTS,TTTS,0,,0.547068238,4028339,Twin-to-twin blood transfer,SNOMED,Condition,S,1,2,Clinical Finding,13404009,20020131,20991231,
פטוסייד בשל מומים מרובים עקב ממצא של CMV חיובי.,פטוסייד בשל מומים מרובים עקב ממצא של CMV חיובי.,1,,0.13403815,4171253,Fetal cytomegalovirus syndrome,SNOMED,Condition,S,0,2,Clinical Finding,276701009,20020131,20991231,
פטוסייד בשל מומים מרובים עקב ממצא של CMV חיובי.,פטוסייד בשל מומים מרובים עקב ממצא של CMV חיובי.,1,,0.13403815,436228,Fetal death due to termination of pregnancy,SNOMED,Observation,S,0,1,Clinical Finding,67313008,20020131,20991231,
הזרקת  KCL ללב העובר עקב מום מוחי,הזרקת  KCL ללב העובר עקב מום מוחי,1,,0.162187874,377085,Congenital anomaly of brain,SNOMED,Condition,S,103,3,Clinical Finding,57148006,20020131,20991231,
הזרקת  KCL ללב העובר עקב מום מוחי,הזרקת  KCL ללב העובר עקב מום מוחי,1,,0.162187874,436228,Fetal death due to termination of pregnancy,SNOMED,Observation,S,0,1,Clinical Finding,67313008,20020131,20991231,
לא ידוע. IUFD,לא ידוע. IUFD,1,,0.225902706,4079844,Fetal death,SNOMED,Observation,S,11,1,Clinical Finding,276507005,20020131,20991231,
פגות קיצונית,פגות קיצונית,1,,0.179302245,439128,Extreme prematurity of infant,SNOMED,Condition,S,0,1,Clinical Finding,276658003,20020131,20991231,
הפסקת הריון עקב דימום מוחיים לעובר,הפסקת הריון עקב דימום מוחיים לעובר,1,,0.224003673,439847,Intracranial hemorrhage,SNOMED,Condition,S,17,2,Clinical Finding,1386000,20020131,20991231,
הפסקת הריון עקב דימום מוחיים לעובר,הפסקת הריון עקב דימום מוחיים לעובר,1,,0.224003673,436228,Fetal death due to termination of pregnancy,SNOMED,Observation,S,0,1,Clinical Finding,67313008,20020131,20991231,
עובר עם מומים ידועים. קשר אמיתי בחבל טבור,עובר עם מומים ידועים. קשר אמיתי בחבל טבור,1,,0.200934023,4079975,Congenital malformation,SNOMED,Condition,S,51,2,Clinical Finding,276654001,20020131,20991231,
עובר עם מומים ידועים. קשר אמיתי בחבל טבור,עובר עם מומים ידועים. קשר אמיתי בחבל טבור,1,,0.200934023,4101082,True knot of umbilical cord,SNOMED,Condition,S,0,2,Clinical Finding,27696007,20020131,20991231,
ככל הנראה TTTS,ככל הנראה TTTS,2,,0.134419098,4028339,Twin-to-twin blood transfer,SNOMED,Condition,S,1,2,Clinical Finding,13404009,20020131,20991231,
קרע של הרחם,קרע של הרחם,0,,0.135326356,443695,Fetal death from asphyxia AND/OR anoxia during labor,SNOMED,Observation,S,0,1,Clinical Finding,1762004,20020131,20991231,
קרע של הרחם,קרע של הרחם,0,,0.135326356,444066,Rupture of uterus,SNOMED,Condition,S,3,3,Clinical Finding,34430009,20020131,20991231,
IUFD ידוע מלפני כשלושה שבועות.,IUFD ידוע מלפני כשלושה שבועות.,1,,0.156310335,4129846,Antepartum fetal death,SNOMED,Observation,S,3,1,Clinical Finding,237361005,20020131,20991231,
הפלה נדחית 22/15,הפלה נדחית 22/15,0,,0.166497529,4129846,Antepartum fetal death,SNOMED,Observation,S,3,1,Clinical Finding,237361005,20020131,20991231,
SEVERE IUGR,SEVERE IUGR,0,,0.469270468,80204,Fetal growth restriction,SNOMED,Condition,S,3,1,Clinical Finding,22033007,20020131,20991231,
SEVERE IUGR,SEVERE IUGR,0,,0.469270468,4129846,Antepartum fetal death,SNOMED,Observation,S,3,1,Clinical Finding,237361005,20020131,20991231,
לידת עובר מת,לידת עובר מת,1,,0.172280341,4129846,Antepartum fetal death,SNOMED,Observation,S,3,1,Clinical Finding,237361005,20020131,20991231,
מומים לבבים,מומים לבבים,0,,0.228487507,4129846,Antepartum fetal death,SNOMED,Observation,S,3,1,Clinical Finding,237361005,20020131,20991231,
מומים לבבים,מומים לבבים,0,,0.228487507,43021739,Abnormality of fetal heart,SNOMED,Condition,S,29,2,Clinical Finding,473383000,20130131,20991231,
פטוסייד לאחר PPROM.,פטוסייד לאחר PPROM.,1,,0.087951444,194702,Premature rupture of membranes,SNOMED,Condition,S,8,3,Clinical Finding,44223004,20020131,20991231,
פטוסייד לאחר PPROM.,פטוסייד לאחר PPROM.,1,,0.087951444,436228,Fetal death due to termination of pregnancy,SNOMED,Observation,S,0,1,Clinical Finding,67313008,20020131,20991231,
TOP בשל מומים בעובר,TOP בשל מומים בעובר,1,,0.231978714,436228,Fetal death due to termination of pregnancy,SNOMED,Observation,S,0,1,Clinical Finding,67313008,20020131,20991231,
TOP בשל מומים בעובר,TOP בשל מומים בעובר,1,,0.231978714,4079975,Congenital malformation,SNOMED,Condition,S,51,2,Clinical Finding,276654001,20020131,20991231,
בוארו בשל מומי לב  מרובים. הוזרק KCL,בוארו בשל מומי לב  מרובים. הוזרק KCL,1,,0.150972307,43021739,Abnormality of fetal heart,SNOMED,Condition,S,29,2,Clinical Finding,473383000,20130131,20991231,
בוארו בשל מומי לב  מרובים. הוזרק KCL,בוארו בשל מומי לב  מרובים. הוזרק KCL,1,,0.150972307,436228,Fetal death due to termination of pregnancy,SNOMED,Observation,S,0,1,Clinical Finding,67313008,20020131,20991231,
הפסקת הריון לאחר אישור וועדה.,הפסקת הריון לאחר אישור וועדה.,1,,0.221575677,436228,Fetal death due to termination of pregnancy,SNOMED,Observation,S,0,1,Clinical Finding,67313008,20020131,20991231,
הפסקת הריון בשל מומים TGA VSD,הפסקת הריון בשל מומים TGA VSD,1,,0.205279469,436228,Fetal death due to termination of pregnancy,SNOMED,Observation,S,0,1,Clinical Finding,67313008,20020131,20991231,
הפסקת הריון בשל מומים TGA VSD,הפסקת הריון בשל מומים TGA VSD,1,,0.205279469,43021739,Abnormality of fetal heart,SNOMED,Condition,S,29,2,Clinical Finding,473383000,20130131,20991231,
kcl בשל מומים בעובר,kcl בשל מומים בעובר,1,,0.227307215,4079975,Congenital malformation,SNOMED,Condition,S,51,2,Clinical Finding,276654001,20020131,20991231,
kcl בשל מומים בעובר,kcl בשל מומים בעובר,1,,0.227307215,436228,Fetal death due to termination of pregnancy,SNOMED,Observation,S,0,1,Clinical Finding,67313008,20020131,20991231,
פיטוסייד  עקב מומוים מרובים,פיטוסייד  עקב מומוים מרובים,1,,0.155076921,436228,Fetal death due to termination of pregnancy,SNOMED,Observation,S,0,1,Clinical Finding,67313008,20020131,20991231,
פיטוסייד  עקב מומוים מרובים,פיטוסייד  עקב מומוים מרובים,1,,0.155076921,4079975,Congenital malformation,SNOMED,Condition,S,51,2,Clinical Finding,276654001,20020131,20991231,
בסקירת מערכות הודגם חסר קופוס קלוזום ,בסקירת מערכות הודגם חסר קופוס קלוזום ,0,,0.180912659,4178457,Agenesis of corpus callosum,SNOMED,Condition,S,9,1,Clinical Finding,5102002,20020131,20991231,
FETOCIDE בשל מומים מרובים לעובר,FETOCIDE בשל מומים מרובים לעובר,2,,0.193774149,4079975,Congenital malformation,SNOMED,Condition,S,51,2,Clinical Finding,276654001,20020131,20991231,
FETOCIDE בשל מומים מרובים לעובר,FETOCIDE בשל מומים מרובים לעובר,2,,0.193774149,436228,Fetal death due to termination of pregnancy,SNOMED,Observation,S,0,1,Clinical Finding,67313008,20020131,20991231,
IUFD חשד לטריזומיה,IUFD חשד לטריזומיה,1,,0.170627445,4028785,Fetal intrapartum death,SNOMED,Observation,S,4,1,Clinical Finding,237362003,20020131,20991231,
IUFD חשד לטריזומיה,IUFD חשד לטריזומיה,1,,0.170627445,4246974,Suspected chromosome abnormality,SNOMED,Observation,S,3,1,Context-dependent,408337004,20040131,20991231,
סיבה לא ידוע,סיבה לא ידוע,1,,0.255686224,4129846,Antepartum fetal death,SNOMED,Observation,S,3,1,Clinical Finding,237361005,20020131,20991231,
הפסקת הריון בשל מומי מוח. ,הפסקת הריון בשל מומי מוח. ,0,,0.203451455,436228,Fetal death due to termination of pregnancy,SNOMED,Observation,S,0,1,Clinical Finding,67313008,20020131,20991231,
הפסקת הריון בשל מומי מוח. ,הפסקת הריון בשל מומי מוח. ,0,,0.203451455,377085,Congenital anomaly of brain,SNOMED,Condition,S,103,3,Clinical Finding,57148006,20020131,20991231,
IUFD שבוע 39 בקבלתה,IUFD שבוע 39 בקבלתה,1,,0.169842452,4129846,Antepartum fetal death,SNOMED,Observation,S,3,1,Clinical Finding,237361005,20020131,20991231,
MISSED AB 22/16,MISSED AB 22/16,1,,0.319583118,4129846,Antepartum fetal death,SNOMED,Observation,S,3,1,Clinical Finding,237361005,20020131,20991231,
הפסקת הריון בשל SEVER SGA ,הפסקת הריון בשל SEVER SGA ,0,,0.241888568,436228,Fetal death due to termination of pregnancy,SNOMED,Observation,S,0,1,Clinical Finding,67313008,20020131,20991231,
הפסקת הריון בשל SEVER SGA ,הפסקת הריון בשל SEVER SGA ,0,,0.241888568,80204,Fetal growth restriction,SNOMED,Condition,S,3,1,Clinical Finding,22033007,20020131,20991231,
fetocide בשל מומים,fetocide בשל מומים,1,,0.296899915,436228,Fetal death due to termination of pregnancy,SNOMED,Observation,S,0,1,Clinical Finding,67313008,20020131,20991231,
fetocide בשל מומים,fetocide בשל מומים,1,,0.296899915,4079975,Congenital malformation,SNOMED,Condition,S,51,2,Clinical Finding,276654001,20020131,20991231,
MCMA TWINS,MCMA TWINS,0,,0.58892107,43021952,Monochorionic monoamniotic twin pregnancy,SNOMED,Condition,S,0,1,Clinical Finding,459171002,20130131,20991231,
הפסקת הריון בשבוע 34+2 בשל מומים במוח,הפסקת הריון בשבוע 34+2 בשל מומים במוח,1,,0.174739867,377085,Congenital anomaly of brain,SNOMED,Condition,S,103,3,Clinical Finding,57148006,20020131,20991231,
הפסקת הריון בשבוע 34+2 בשל מומים במוח,הפסקת הריון בשבוע 34+2 בשל מומים במוח,1,,0.174739867,436228,Fetal death due to termination of pregnancy,SNOMED,Observation,S,0,1,Clinical Finding,67313008,20020131,20991231,
MISSED ABORTION שבוע 22/18,MISSED ABORTION שבוע 22/18,1,,0.30332765,4129846,Antepartum fetal death,SNOMED,Observation,S,3,1,Clinical Finding,237361005,20020131,20991231,
הפסקת הריון לאחר KCL בשל הריון לא רצוי.,הפסקת הריון לאחר KCL בשל הריון לא רצוי.,1,,0.185866699,436228,Fetal death due to termination of pregnancy,SNOMED,Observation,S,0,1,Clinical Finding,67313008,20020131,20991231,
מומים מוחיים בוצעה הזרקת KCL טרם הלידה.,מומים מוחיים בוצעה הזרקת KCL טרם הלידה.,1,,0.125675082,436228,Fetal death due to termination of pregnancy,SNOMED,Observation,S,0,1,Clinical Finding,67313008,20020131,20991231,
מומים מוחיים בוצעה הזרקת KCL טרם הלידה.,מומים מוחיים בוצעה הזרקת KCL טרם הלידה.,1,,0.125675082,377085,Congenital anomaly of brain,SNOMED,Condition,S,103,3,Clinical Finding,57148006,20020131,20991231,
"TOP ע""ר מולה שלמה","TOP ע""ר מולה שלמה",1,,0.207032084,436228,Fetal death due to termination of pregnancy,SNOMED,Observation,S,0,1,Clinical Finding,67313008,20020131,20991231,
"TOP ע""ר מולה שלמה","TOP ע""ר מולה שלמה",1,,0.207032084,4129710,Complete hydatidiform mole,SNOMED,Condition,S,0,1,Clinical Finding,237249000,20020131,20991231,
POTTER SYNDROME. צניחת חבל טבור,POTTER SYNDROME. צניחת חבל טבור,1,,0.268569738,4223016,Oligohydramnios sequence,SNOMED,Condition,S,0,4,Clinical Finding,41962002,20020131,20991231,
DIAPHRAGMIC HERNIA,DIAPHRAGMIC HERNIA,1,,0.862715423,201061,Diaphragmatic hernia,SNOMED,Condition,S,10,4,Clinical Finding,39839004,20020131,20991231,
DIAPHRAGMIC HERNIA,DIAPHRAGMIC HERNIA,1,,0.862715423,4129846,Antepartum fetal death,SNOMED,Observation,S,3,1,Clinical Finding,237361005,20020131,20991231,
פטוסיד בגלל מומים מרובים.,פטוסיד בגלל מומים מרובים.,1,,0.174458086,436228,Fetal death due to termination of pregnancy,SNOMED,Observation,S,0,1,Clinical Finding,67313008,20020131,20991231,
פטוסיד בגלל מומים מרובים.,פטוסיד בגלל מומים מרובים.,1,,0.174458086,4079975,Congenital malformation,SNOMED,Condition,S,51,2,Clinical Finding,276654001,20020131,20991231,
לא ידועה.,לא ידועה.,2,,0.16557923,4129846,Antepartum fetal death,SNOMED,Observation,S,3,1,Clinical Finding,237361005,20020131,20991231,
IUFD ,IUFD ,0,,0.520400763,4129846,Antepartum fetal death,SNOMED,Observation,S,3,1,Clinical Finding,237361005,20020131,20991231,
FETOCIDE SEVER IUGR TWINS,FETOCIDE SEVER IUGR TWINS,1,,0.400177419,436228,Fetal death due to termination of pregnancy,SNOMED,Observation,S,0,1,Clinical Finding,67313008,20020131,20991231,
FETOCIDE SEVER IUGR TWINS,FETOCIDE SEVER IUGR TWINS,1,,0.400177419,434097,Twin pregnancy with antenatal problem,SNOMED,Condition,S,0,1,Clinical Finding,199318003,20020131,20991231,
ירידת מים ממושכת ,ירידת מים ממושכת ,0,,0.152386367,4129029,Prolonged premature rupture of membranes,SNOMED,Condition,S,0,2,Clinical Finding,237267007,20020131,20991231,
בשל ממצאים חריגים באולטראסאונד  י IUGR ,בשל ממצאים חריגים באולטראסאונד  י IUGR ,0,,0.203530416,4079975,Congenital malformation,SNOMED,Condition,S,51,2,Clinical Finding,276654001,20020131,20991231,
בשל ממצאים חריגים באולטראסאונד  י IUGR ,בשל ממצאים חריגים באולטראסאונד  י IUGR ,0,,0.203530416,80204,Fetal growth restriction,SNOMED,Condition,S,3,1,Clinical Finding,22033007,20020131,20991231,
הפסקת הריון יזומה על רקע סוציאלי,הפסקת הריון יזומה על רקע סוציאלי,1,,0.202288464,436228,Fetal death due to termination of pregnancy,SNOMED,Observation,S,0,1,Clinical Finding,67313008,20020131,20991231,
PPROM,PPROM,2,,0.388239056,194702,Premature rupture of membranes,SNOMED,Condition,S,8,3,Clinical Finding,44223004,20020131,20991231,
לא ידועה. ילדה בביתה עובר ללא רוח חיים.,לא ידועה. ילדה בביתה עובר ללא רוח חיים.,1,,0.130511895,4129846,Antepartum fetal death,SNOMED,Observation,S,3,1,Clinical Finding,237361005,20020131,20991231,
FETOCIDE בשל ממצא בבדיקת אקסום SNAP 25,FETOCIDE בשל ממצא בבדיקת אקסום SNAP 25,1,,0.121360548,436228,Fetal death due to termination of pregnancy,SNOMED,Observation,S,0,1,Clinical Finding,67313008,20020131,20991231,
FETOCIDE בשל ממצא בבדיקת אקסום SNAP 25,FETOCIDE בשל ממצא בבדיקת אקסום SNAP 25,1,,0.121360548,4205432,Genetic mutation,SNOMED,Condition,S,12,1,Clinical Finding,55446002,20020131,20991231,
הפסקת הריון עקב תסמונת דאון ומומים בלב.,הפסקת הריון עקב תסמונת דאון ומומים בלב.,1,,0.237751439,436228,Fetal death due to termination of pregnancy,SNOMED,Observation,S,0,1,Clinical Finding,67313008,20020131,20991231,
הפסקת הריון עקב תסמונת דאון ומומים בלב.,הפסקת הריון עקב תסמונת דאון ומומים בלב.,1,,0.237751439,45880552,Down syndrome,LOINC,Meas Value,S,0,0,Answer,LA20088-3,19700101,20991231,
הפסקת הריון עקב תסמונת דאון ומומים בלב.,הפסקת הריון עקב תסמונת דאון ומומים בלב.,1,,0.237751439,43021739,Abnormality of fetal heart,SNOMED,Condition,S,29,2,Clinical Finding,473383000,20130131,20991231,
נצפה חבל טבור כרוך סביב הצוואר 4 פעמים.,נצפה חבל טבור כרוך סביב הצוואר 4 פעמים.,1,,0.177452415,441646,Umbilical cord around neck,SNOMED,Condition,S,6,1,Clinical Finding,302929008,20020131,20991231,
מומים בגפיים,מומים בגפיים,1,,0.193112925,36309202,Limb malformations,LOINC,Meas Value,S,0,0,Answer,LA24785-0,19700101,20991231,
טריזומיה 21 נעשה פטוסייד,טריזומיה 21 נעשה פטוסייד,1,,0.141588345,436228,Fetal death due to termination of pregnancy,SNOMED,Observation,S,0,1,Clinical Finding,67313008,20020131,20991231,
טריזומיה 21 נעשה פטוסייד,טריזומיה 21 נעשה פטוסייד,1,,0.141588345,45880552,Down syndrome,LOINC,Meas Value,S,0,0,Answer,LA20088-3,19700101,20991231,
TOP בשל הידרופס,TOP בשל הידרופס,1,,0.223112062,436228,Fetal death due to termination of pregnancy,SNOMED,Observation,S,0,1,Clinical Finding,67313008,20020131,20991231,
TOP בשל הידרופס,TOP בשל הידרופס,1,,0.223112062,4173169,Hydrops fetalis,SNOMED,Condition,S,4,3,Clinical Finding,276508000,20020131,20991231,
CAD X 6,CAD X 6,0,,0.449050963,4205432,Genetic mutation,SNOMED,Condition,S,12,1,Clinical Finding,55446002,20020131,20991231,
הפסקת הריון בגלל תסמונת,הפסקת הריון בגלל תסמונת,1,,0.198551014,436228,Fetal death due to termination of pregnancy,SNOMED,Observation,S,0,1,Clinical Finding,67313008,20020131,20991231,
הפסקת הריון בגלל תסמונת,הפסקת הריון בגלל תסמונת,1,,0.198551014,4205432,Genetic mutation,SNOMED,Condition,S,12,1,Clinical Finding,55446002,20020131,20991231,
הרניה סרעפתית,הרניה סרעפתית,1,,0.239521667,201061,Diaphragmatic hernia,SNOMED,Condition,S,10,4,Clinical Finding,39839004,20020131,20991231,
לידת בית לתינוק עם ACHONDROPLASIA.  לדברי האם נולד חי לא בוכה . לאחר כשעתיים הזעיקו מדא.,לידת בית לתינוק עם ACHONDROPLASIA.  לדברי האם נולד חי לא בוכה . לאחר כשעתיים הזעיקו מדא.,1,,0.174130186,4311402,Achondroplasia,SNOMED,Condition,S,2,3,Clinical Finding,86268005,20020131,20991231,
בוצע הפסקת הריון(פיטוסייד) בשל ממצאים לא תקינים בMRI במוח העובר פרוגנוזה של מעל 30%   להפרעה נוירוהתפתחותית.,בוצע הפסקת הריון(פיטוסייד) בשל ממצאים לא תקינים בMRI במוח העובר פרוגנוזה של מעל 30%   להפרעה נוירוהתפתחותית.,1,,0.152538151,436228,Fetal death due to termination of pregnancy,SNOMED,Observation,S,0,1,Clinical Finding,67313008,20020131,20991231,
בוצע הפסקת הריון(פיטוסייד) בשל ממצאים לא תקינים בMRI במוח העובר פרוגנוזה של מעל 30%   להפרעה נוירוהתפתחותית.,בוצע הפסקת הריון(פיטוסייד) בשל ממצאים לא תקינים בMRI במוח העובר פרוגנוזה של מעל 30%   להפרעה נוירוהתפתחותית.,1,,0.152538151,377085,Congenital anomaly of brain,SNOMED,Condition,S,103,3,Clinical Finding,57148006,20020131,20991231,
FETOCIDE בשל ריבוי מומים לעובר,FETOCIDE בשל ריבוי מומים לעובר,1,,0.182732701,436228,Fetal death due to termination of pregnancy,SNOMED,Observation,S,0,1,Clinical Finding,67313008,20020131,20991231,
FETOCIDE בשל ריבוי מומים לעובר,FETOCIDE בשל ריבוי מומים לעובר,1,,0.182732701,4079975,Congenital malformation,SNOMED,Condition,S,51,2,Clinical Finding,276654001,20020131,20991231,
IUFD לא ידוע,IUFD לא ידוע,1,,0.228325799,4129846,Antepartum fetal death,SNOMED,Observation,S,3,1,Clinical Finding,237361005,20020131,20991231,
פטוסייד,פטוסייד,1,,0.103277147,436228,Fetal death due to termination of pregnancy,SNOMED,Observation,S,0,1,Clinical Finding,67313008,20020131,20991231,
FETOCIDE עקב החמרה ברעלת אמהי עם APLA וLUPUS,FETOCIDE עקב החמרה ברעלת אמהי עם APLA וLUPUS,1,,0.133558512,4063309,Intrauterine death with antenatal problem,SNOMED,Observation,S,0,1,Clinical Finding,199608004,20020131,20991231,
טריזומיה 12,טריזומיה 12,0,,0.22309944,4004641,Trisomy 12,SNOMED,Condition,S,2,2,Clinical Finding,205653005,20020131,20991231,
FETO CIDE בשל מומים,FETO CIDE בשל מומים,1,,0.295905471,436228,Fetal death due to termination of pregnancy,SNOMED,Observation,S,0,1,Clinical Finding,67313008,20020131,20991231,
FETO CIDE בשל מומים,FETO CIDE בשל מומים,1,,0.295905471,4079975,Congenital malformation,SNOMED,Condition,S,51,2,Clinical Finding,276654001,20020131,20991231,
הדבקה של CMV,הדבקה של CMV,1,,0.214001402,4171253,Fetal cytomegalovirus syndrome,SNOMED,Condition,S,0,2,Clinical Finding,276701009,20020131,20991231,
הפלה נדחית 22/14,הפלה נדחית 22/14,1,,0.165587068,4129846,Antepartum fetal death,SNOMED,Observation,S,3,1,Clinical Finding,237361005,20020131,20991231,
פטוסייד בשל מומים מרובים.,פטוסייד בשל מומים מרובים.,1,,0.181441605,436228,Fetal death due to termination of pregnancy,SNOMED,Observation,S,0,1,Clinical Finding,67313008,20020131,20991231,
פטוסייד בשל מומים מרובים.,פטוסייד בשל מומים מרובים.,1,,0.181441605,4079975,Congenital malformation,SNOMED,Condition,S,51,2,Clinical Finding,276654001,20020131,20991231,
חשד להפרדות שליה. יולדת משלשלת,חשד להפרדות שליה. יולדת משלשלת,0,,0.171255946,4148097,Fetal or neonatal effect of abruptio placentae,SNOMED,Condition,S,0,1,Clinical Finding,268803008,20020131,20991231,
ילוד בלידת עכוז,ילוד בלידת עכוז,0,,0.362092555,4250009,Born by breech delivery,SNOMED,Observation,S,0,1,Context-dependent,407613009,20040131,20991231,
fetocide בשל תסמונת CHARGE,fetocide בשל תסמונת CHARGE,1,,0.213140175,436228,Fetal death due to termination of pregnancy,SNOMED,Observation,S,0,1,Clinical Finding,67313008,20020131,20991231,
fetocide בשל תסמונת CHARGE,fetocide בשל תסמונת CHARGE,1,,0.213140175,4165529,"Coloboma, heart malformation, choanal atresia, retardation of growth and development, genital abnormalities, and ear malformations association",SNOMED,Condition,S,0,1,Clinical Finding,47535005,20020131,20991231,
IUFD שבוע 37+1,IUFD שבוע 37+1,1,,0.229069412,4129846,Antepartum fetal death,SNOMED,Observation,S,3,1,Clinical Finding,237361005,20020131,20991231,
חשד לירידת מים,חשד לירידת מים,2,,0.149589062,45885072,Premature rupture of membranes,LOINC,Meas Value,S,0,0,Answer,LA20068-5,19700101,20991231,
חשד לירידת מים,חשד לירידת מים,2,,0.149589062,4217851,Suspected,SNOMED,Observation,S,0,1,Qualifier Value,415684004,20050131,20991231,
בוארו בשבוע 22+3 בשל מומים,בוארו בשבוע 22+3 בשל מומים,1,,0.190378562,4079975,Congenital malformation,SNOMED,Condition,S,51,2,Clinical Finding,276654001,20020131,20991231,
בוארו בשבוע 22+3 בשל מומים,בוארו בשבוע 22+3 בשל מומים,1,,0.190378562,436228,Fetal death due to termination of pregnancy,SNOMED,Observation,S,0,1,Clinical Finding,67313008,20020131,20991231,
עובר הידרופי עם ממצא גדול המתאים ל SACROCOCCEGEAL TERATOMA. לאחר TOP,עובר הידרופי עם ממצא גדול המתאים ל SACROCOCCEGEAL TERATOMA. לאחר TOP,1,,0.125633612,436228,Fetal death due to termination of pregnancy,SNOMED,Observation,S,0,1,Clinical Finding,67313008,20020131,20991231,
עובר הידרופי עם ממצא גדול המתאים ל SACROCOCCEGEAL TERATOMA. לאחר TOP,עובר הידרופי עם ממצא גדול המתאים ל SACROCOCCEGEAL TERATOMA. לאחר TOP,1,,0.125633612,4083497,Sacrococcygeal teratoma,SNOMED,Condition,S,0,2,Clinical Finding,281561000,20020131,20991231,
הידרופס ומום לב,הידרופס ומום לב,1,,0.195275426,4173169,Hydrops fetalis,SNOMED,Condition,S,4,3,Clinical Finding,276508000,20020131,20991231,
הידרופס ומום לב,הידרופס ומום לב,1,,0.195275426,43021739,Abnormality of fetal heart,SNOMED,Condition,S,29,2,Clinical Finding,473383000,20130131,20991231,
FETOCIDE בגלל מימום,FETOCIDE בגלל מימום,1,,0.213945687,436228,Fetal death due to termination of pregnancy,SNOMED,Observation,S,0,1,Clinical Finding,67313008,20020131,20991231,
FETOCIDE בגלל מימום,FETOCIDE בגלל מימום,1,,0.213945687,4079975,Congenital malformation,SNOMED,Condition,S,51,2,Clinical Finding,276654001,20020131,20991231,
קשר אמיתי בחבל הטבור,קשר אמיתי בחבל הטבור,1,,0.191450953,4101082,True knot of umbilical cord,SNOMED,Condition,S,0,2,Clinical Finding,27696007,20020131,20991231,
MISSED ABORTION ,MISSED ABORTION ,0,,0.993260324,4129846,Antepartum fetal death,SNOMED,Observation,S,3,1,Clinical Finding,237361005,20020131,20991231,
לא ידוע.חבל טבור היה מהודק סביב הצואר פעמיים,לא ידוע.חבל טבור היה מהודק סביב הצואר פעמיים,1,,0.199897289,434708,Cord around neck with compression,SNOMED,Condition,S,0,1,Clinical Finding,289311005,20020131,20991231,
מומים בעובר.,מומים בעובר.,1,,0.196988091,4079975,Congenital malformation,SNOMED,Condition,S,51,2,Clinical Finding,276654001,20020131,20991231,
CMV,CMV,1,,1,4171253,Fetal cytomegalovirus syndrome,SNOMED,Condition,S,0,2,Clinical Finding,276701009,20020131,20991231,
תסמונת דאון . מומים,תסמונת דאון . מומים,1,,0.342026144,45880552,Down syndrome,LOINC,Meas Value,S,0,0,Answer,LA20088-3,19700101,20991231,
לא ידועה. השראת לידה עקב IUFD,לא ידועה. השראת לידה עקב IUFD,1,,0.24242419,4129846,Antepartum fetal death,SNOMED,Observation,S,3,1,Clinical Finding,237361005,20020131,20991231,
FETOCIDE בשל מומי לב קשים,FETOCIDE בשל מומי לב קשים,1,,0.204567507,436228,Fetal death due to termination of pregnancy,SNOMED,Observation,S,0,1,Clinical Finding,67313008,20020131,20991231,
FETOCIDE בשל מומי לב קשים,FETOCIDE בשל מומי לב קשים,1,,0.204567507,43021739,Abnormality of fetal heart,SNOMED,Condition,S,29,2,Clinical Finding,473383000,20130131,20991231,
התינוקת הפסיקה לנשום אחרי הלידה,התינוקת הפסיקה לנשום אחרי הלידה,0,,0.156181887,4024541,Perinatal death,SNOMED,Observation,S,0,1,Clinical Finding,10588007,20020131,20991231,
FETOCIDE  בשל טריזומיה 18,FETOCIDE  בשל טריזומיה 18,1,,0.217835113,436228,Fetal death due to termination of pregnancy,SNOMED,Observation,S,0,1,Clinical Finding,67313008,20020131,20991231,
FETOCIDE  בשל טריזומיה 18,FETOCIDE  בשל טריזומיה 18,1,,0.217835113,42537877,Trisomy 18,SNOMED,Observation,S,0,1,Morph Abnormality,737541007,20180131,20991231,
הפסקת הריון טריזיומה 13,הפסקת הריון טריזיומה 13,1,,0.300862998,42537876,Trisomy 13,SNOMED,Observation,S,0,1,Morph Abnormality,737540008,20180131,20991231,
הפסקת הריון טריזיומה 13,הפסקת הריון טריזיומה 13,1,,0.300862998,436228,Fetal death due to termination of pregnancy,SNOMED,Observation,S,0,1,Clinical Finding,67313008,20020131,20991231,
FETOCIDE \\CMV INFECTION ,FETOCIDE \\CMV INFECTION ,0,,0.283551574,436228,Fetal death due to termination of pregnancy,SNOMED,Observation,S,0,1,Clinical Finding,67313008,20020131,20991231,
FETOCIDE \\CMV INFECTION ,FETOCIDE \\CMV INFECTION ,0,,0.283551574,4171253,Fetal cytomegalovirus syndrome,SNOMED,Condition,S,0,2,Clinical Finding,276701009,20020131,20991231,
FETOCIDE בשל מומי עובר,FETOCIDE בשל מומי עובר,1,,0.240275115,436228,Fetal death due to termination of pregnancy,SNOMED,Observation,S,0,1,Clinical Finding,67313008,20020131,20991231,
FETOCIDE בשל מומי עובר,FETOCIDE בשל מומי עובר,1,,0.240275115,4079975,Congenital malformation,SNOMED,Condition,S,51,2,Clinical Finding,276654001,20020131,20991231,
פטוסייד בוצע לפני הניתוח - בשל מומים עובריים.,פטוסייד בוצע לפני הניתוח - בשל מומים עובריים.,1,,0.146717876,4079975,Congenital malformation,SNOMED,Condition,S,51,2,Clinical Finding,276654001,20020131,20991231,
פטוסייד בוצע לפני הניתוח - בשל מומים עובריים.,פטוסייד בוצע לפני הניתוח - בשל מומים עובריים.,1,,0.146717876,436228,Fetal death due to termination of pregnancy,SNOMED,Observation,S,0,1,Clinical Finding,67313008,20020131,20991231,
לא ידוע. יש לציין חבל טבור סביב היד וסביב הצוואר,לא ידוע. יש לציין חבל טבור סביב היד וסביב הצוואר,1,,0.184078634,441646,Umbilical cord around neck,SNOMED,Condition,S,6,1,Clinical Finding,302929008,20020131,20991231,
לא ידוע. יש לציין חבל טבור סביב היד וסביב הצוואר,לא ידוע. יש לציין חבל טבור סביב היד וסביב הצוואר,1,,0.184078634,442292,Cord entanglement,SNOMED,Condition,S,5,1,Clinical Finding,53419009,20020131,20991231,
לא ידוע. יש לציין חבל טבור סביב היד וסביב הצוואר,לא ידוע. יש לציין חבל טבור סביב היד וסביב הצוואר,1,,0.184078634,4129846,Antepartum fetal death,SNOMED,Observation,S,3,1,Clinical Finding,237361005,20020131,20991231,
FETOCIDE עקב CF,FETOCIDE עקב CF,1,,0.222798705,436228,Fetal death due to termination of pregnancy,SNOMED,Observation,S,0,1,Clinical Finding,67313008,20020131,20991231,
FETOCIDE עקב CF,FETOCIDE עקב CF,1,,0.222798705,441267,Cystic fibrosis,SNOMED,Condition,S,13,2,Clinical Finding,190905008,20020131,20991231,
SEVERE PET,SEVERE PET,1,,0.768711865,433536,Severe pre-eclampsia,SNOMED,Condition,S,5,1,Clinical Finding,46764007,20020131,20991231,
הפסקת הריון יזומה טריזיומה 21,הפסקת הריון יזומה טריזיומה 21,1,,0.278377682,436228,Fetal death due to termination of pregnancy,SNOMED,Observation,S,0,1,Clinical Finding,67313008,20020131,20991231,
הפסקת הריון יזומה טריזיומה 21,הפסקת הריון יזומה טריזיומה 21,1,,0.278377682,45880552,Down syndrome,LOINC,Meas Value,S,0,0,Answer,LA20088-3,19700101,20991231,
הפסקת הריון בשל ריבוי מומים,הפסקת הריון בשל ריבוי מומים,1,,0.19214806,436228,Fetal death due to termination of pregnancy,SNOMED,Observation,S,0,1,Clinical Finding,67313008,20020131,20991231,
הפסקת הריון בשל ריבוי מומים,הפסקת הריון בשל ריבוי מומים,1,,0.19214806,4079975,Congenital malformation,SNOMED,Condition,S,51,2,Clinical Finding,276654001,20020131,20991231,
פטוסייד שבוע 29+6 בשל מום גנטי,פטוסייד שבוע 29+6 בשל מום גנטי,1,,0.177539244,4205432,Genetic mutation,SNOMED,Condition,S,12,1,Clinical Finding,55446002,20020131,20991231,
פטוסייד שבוע 29+6 בשל מום גנטי,פטוסייד שבוע 29+6 בשל מום גנטי,1,,0.177539244,436228,Fetal death due to termination of pregnancy,SNOMED,Observation,S,0,1,Clinical Finding,67313008,20020131,20991231,
הפסקת הריון בשל מומים,הפסקת הריון בשל מומים,2,,0.227534831,436228,Fetal death due to termination of pregnancy,SNOMED,Observation,S,0,1,Clinical Finding,67313008,20020131,20991231,
הפסקת הריון בשל מומים,הפסקת הריון בשל מומים,2,,0.227534831,4079975,Congenital malformation,SNOMED,Condition,S,51,2,Clinical Finding,276654001,20020131,20991231,
הפסקת הריון בשל טריזומיה 18,הפסקת הריון בשל טריזומיה 18,1,,0.198477954,436228,Fetal death due to termination of pregnancy,SNOMED,Observation,S,0,1,Clinical Finding,67313008,20020131,20991231,
הפסקת הריון בשל טריזומיה 18,הפסקת הריון בשל טריזומיה 18,1,,0.198477954,42537877,Trisomy 18,SNOMED,Observation,S,0,1,Morph Abnormality,737541007,20180131,20991231,
הפסקת הריון בשל אכנודרופלזיה עבר ועדת על,הפסקת הריון בשל אכנודרופלזיה עבר ועדת על,1,,0.178093582,436228,Fetal death due to termination of pregnancy,SNOMED,Observation,S,0,1,Clinical Finding,67313008,20020131,20991231,
הפסקת הריון בשל אכנודרופלזיה עבר ועדת על,הפסקת הריון בשל אכנודרופלזיה עבר ועדת על,1,,0.178093582,4311402,Achondroplasia,SNOMED,Condition,S,2,3,Clinical Finding,86268005,20020131,20991231,
ירידת מים מוקדמת ומזוהמת,ירידת מים מוקדמת ומזוהמת,1,,0.152181432,4021397,Chorioamnionitis,SNOMED,Condition,S,1,3,Clinical Finding,11612004,20020131,20991231,
הפסקת הריון עקב מום לבבי משמעותי,הפסקת הריון עקב מום לבבי משמעותי,1,,0.200983748,436228,Fetal death due to termination of pregnancy,SNOMED,Observation,S,0,1,Clinical Finding,67313008,20020131,20991231,
הפסקת הריון עקב מום לבבי משמעותי,הפסקת הריון עקב מום לבבי משמעותי,1,,0.200983748,43021739,Abnormality of fetal heart,SNOMED,Condition,S,29,2,Clinical Finding,473383000,20130131,20991231,
הגיעה מהקהילה עם אבחנה של IUFD בלידה לא נראתה סיבה,הגיעה מהקהילה עם אבחנה של IUFD בלידה לא נראתה סיבה,1,,0.118861362,4129846,Antepartum fetal death,SNOMED,Observation,S,3,1,Clinical Finding,237361005,20020131,20991231,
יולדת בשבוע 29 הגיעה עם עובר ללא דופק. העובר נמצא מתאים לשבוע 19.,יולדת בשבוע 29 הגיעה עם עובר ללא דופק. העובר נמצא מתאים לשבוע 19.,1,,0.125140667,4129846,Antepartum fetal death,SNOMED,Observation,S,3,1,Clinical Finding,237361005,20020131,20991231,
הפסקת הריון עקב מומים,הפסקת הריון עקב מומים,1,,0.216180459,436228,Fetal death due to termination of pregnancy,SNOMED,Observation,S,0,1,Clinical Finding,67313008,20020131,20991231,
הפסקת הריון עקב מומים,הפסקת הריון עקב מומים,1,,0.216180459,4079975,Congenital malformation,SNOMED,Condition,S,51,2,Clinical Finding,276654001,20020131,20991231,
הגיעה לחדר לידה עם קרע של הרחם,הגיעה לחדר לידה עם קרע של הרחם,0,,0.179607883,4129846,Antepartum fetal death,SNOMED,Observation,S,3,1,Clinical Finding,237361005,20020131,20991231,
הגיעה לחדר לידה עם קרע של הרחם,הגיעה לחדר לידה עם קרע של הרחם,0,,0.179607883,45880870,Uterine rupture,LOINC,Meas Value,S,0,0,Answer,LA18987-0,19700101,20991231,
בת 44,בת 44,0,,0.505028903,45878582,None,LOINC,Meas Value,S,0,0,Answer,LA137-2,19700101,20991231,
סיבה לא ידועה,סיבה לא ידועה,2,,0.242802739,4129846,Antepartum fetal death,SNOMED,Observation,S,3,1,Clinical Finding,237361005,20020131,20991231,
הפלה נדחית 22/18,הפלה נדחית 22/18,1,,0.165789962,4129846,Antepartum fetal death,SNOMED,Observation,S,3,1,Clinical Finding,237361005,20020131,20991231,
עובר הומוזיגוט SARS2,עובר הומוזיגוט SARS2,0,,0.211443171,4205432,Genetic mutation,SNOMED,Condition,S,12,1,Clinical Finding,55446002,20020131,20991231,
פטוסייד בשל מומים מוחיים,פטוסייד בשל מומים מוחיים,1,,0.192509174,436228,Fetal death due to termination of pregnancy,SNOMED,Observation,S,0,1,Clinical Finding,67313008,20020131,20991231,
פטוסייד בשל מומים מוחיים,פטוסייד בשל מומים מוחיים,1,,0.192509174,377085,Congenital anomaly of brain,SNOMED,Condition,S,103,3,Clinical Finding,57148006,20020131,20991231,
לא ידוע. חשד להפרדות 50%   משטח השליה על פי מראה השליה. לא ניתן לקבוע בודאות אם קרה לפני או אחרי IUFD,לא ידוע. חשד להפרדות 50%   משטח השליה על פי מראה השליה. לא ניתן לקבוע בודאות אם קרה לפני או אחרי IUFD,1,,0.135599196,198488,Placental abruption,SNOMED,Condition,S,6,3,Clinical Finding,415105001,20050131,20991231,
לא ידוע. חשד להפרדות 50%   משטח השליה על פי מראה השליה. לא ניתן לקבוע בודאות אם קרה לפני או אחרי IUFD,לא ידוע. חשד להפרדות 50%   משטח השליה על פי מראה השליה. לא ניתן לקבוע בודאות אם קרה לפני או אחרי IUFD,1,,0.135599196,4217851,Suspected,SNOMED,Observation,S,0,1,Qualifier Value,415684004,20050131,20991231,
הפסקת הריון בשל מומי לב חדרי מח. מעיים וכליות אקוגניים,הפסקת הריון בשל מומי לב חדרי מח. מעיים וכליות אקוגניים,1,,0.157543331,436228,Fetal death due to termination of pregnancy,SNOMED,Observation,S,0,1,Clinical Finding,67313008,20020131,20991231,
הפסקת הריון בשל מומי לב חדרי מח. מעיים וכליות אקוגניים,הפסקת הריון בשל מומי לב חדרי מח. מעיים וכליות אקוגניים,1,,0.157543331,43021739,Abnormality of fetal heart,SNOMED,Condition,S,29,2,Clinical Finding,473383000,20130131,20991231,
הפסקת הריון בשל מומי לב חדרי מח. מעיים וכליות אקוגניים,הפסקת הריון בשל מומי לב חדרי מח. מעיים וכליות אקוגניים,1,,0.157543331,377085,Congenital anomaly of brain,SNOMED,Condition,S,103,3,Clinical Finding,57148006,20020131,20991231,
הפסקת הריון בשל מומי לב חדרי מח. מעיים וכליות אקוגניים,הפסקת הריון בשל מומי לב חדרי מח. מעיים וכליות אקוגניים,1,,0.157543331,4079975,Congenital malformation,SNOMED,Condition,S,51,2,Clinical Finding,276654001,20020131,20991231,
פטוסייד בשל מומים לעובר,פטוסייד בשל מומים לעובר,1,,0.186365917,41995284,Shlomi,OSM,Geography,S,0,1,8th level,1663091,19700101,20991231,
פטוסייד בשל מומים לעובר,פטוסייד בשל מומים לעובר,1,,0.186365917,436228,Fetal death due to termination of pregnancy,SNOMED,Observation,S,0,1,Clinical Finding,67313008,20020131,20991231,
היפרדות שליה כרונית,היפרדות שליה כרונית,1,,0.227726564,198488,Placental abruption,SNOMED,Condition,S,6,3,Clinical Finding,415105001,20050131,20991231,
TOP בשל מומים,TOP בשל מומים,2,,0.302008331,41995284,Shlomi,OSM,Geography,S,0,1,8th level,1663091,19700101,20991231,
TOP בשל מומים,TOP בשל מומים,2,,0.302008331,4079975,Congenital malformation,SNOMED,Condition,S,51,2,Clinical Finding,276654001,20020131,20991231,
הפסקת הריון בשבוע 22+4 בשל חסר בכרומוזום 22.,הפסקת הריון בשבוע 22+4 בשל חסר בכרומוזום 22.,1,,0.167668894,436228,Fetal death due to termination of pregnancy,SNOMED,Observation,S,0,1,Clinical Finding,67313008,20020131,20991231,
הפסקת הריון בשבוע 22+4 בשל חסר בכרומוזום 22.,הפסקת הריון בשבוע 22+4 בשל חסר בכרומוזום 22.,1,,0.167668894,35624485,22q11.2 deletion syndrome,SNOMED,Condition,S,0,2,Clinical Finding,767263007,20180731,20991231,
כוריואמניוניטיס אמהי,כוריואמניוניטיס אמהי,1,,0.188576743,4021397,Chorioamnionitis,SNOMED,Condition,S,1,3,Clinical Finding,11612004,20020131,20991231,
הידרופס,הידרופס,1,,0.30502069,4178457,Agenesis of corpus callosum,SNOMED,Condition,S,9,1,Clinical Finding,5102002,20020131,20991231,
fetocide בשל מוים עובריים,fetocide בשל מוים עובריים,1,,0.212423623,41995288,Tel Mond,OSM,Geography,S,0,1,8th level,1395620,19700101,20991231,
fetocide בשל מוים עובריים,fetocide בשל מוים עובריים,1,,0.212423623,4079975,Congenital malformation,SNOMED,Condition,S,51,2,Clinical Finding,276654001,20020131,20991231,
FETOCIDE חשד לטריזומיה 21,FETOCIDE חשד לטריזומיה 21,1,,0.153306052,45880552,Down syndrome,LOINC,Meas Value,S,0,0,Answer,LA20088-3,19700101,20991231,
FETOCIDE חשד לטריזומיה 21,FETOCIDE חשד לטריזומיה 21,1,,0.153306052,436228,Fetal death due to termination of pregnancy,SNOMED,Observation,S,0,1,Clinical Finding,67313008,20020131,20991231,
עברה פטציד בשבוע 20 בשל ספינה ביפידה,עברה פטציד בשבוע 20 בשל ספינה ביפידה,1,,0.215408638,436228,Fetal death due to termination of pregnancy,SNOMED,Observation,S,0,1,Clinical Finding,67313008,20020131,20991231,
עברה פטציד בשבוע 20 בשל ספינה ביפידה,עברה פטציד בשבוע 20 בשל ספינה ביפידה,1,,0.215408638,37204820,Fetal spina bifida,SNOMED,Condition,S,0,3,Clinical Finding,783724009,20190731,20991231,
FETOCIDE בשל POTTER SYNDROME,FETOCIDE בשל POTTER SYNDROME,1,,0.412178516,4223016,Oligohydramnios sequence,SNOMED,Condition,S,0,4,Clinical Finding,41962002,20020131,20991231,
FETOCIDE בשל POTTER SYNDROME,FETOCIDE בשל POTTER SYNDROME,1,,0.412178516,436228,Fetal death due to termination of pregnancy,SNOMED,Observation,S,0,1,Clinical Finding,67313008,20020131,20991231,
MISSED ABORTION,MISSED ABORTION,1,,1,4129846,Antepartum fetal death,SNOMED,Observation,S,3,1,Clinical Finding,237361005,20020131,20991231,
היפרדות שליה,היפרדות שליה,1,,0.271012396,198488,Placental abruption,SNOMED,Condition,S,6,3,Clinical Finding,415105001,20050131,20991231,
נעשה פיטוסייד בשל חוסר גדילה איסמטרייתומומים רבים במוח,נעשה פיטוסייד בשל חוסר גדילה איסמטרייתומומים רבים במוח,1,,0.203671739,436228,Fetal death due to termination of pregnancy,SNOMED,Observation,S,0,1,Clinical Finding,67313008,20020131,20991231,
נעשה פיטוסייד בשל חוסר גדילה איסמטרייתומומים רבים במוח,נעשה פיטוסייד בשל חוסר גדילה איסמטרייתומומים רבים במוח,1,,0.203671739,377085,Congenital anomaly of brain,SNOMED,Condition,S,103,3,Clinical Finding,57148006,20020131,20991231,
הפרדות שליה,הפרדות שליה,1,,0.289137274,198488,Placental abruption,SNOMED,Condition,S,6,3,Clinical Finding,415105001,20050131,20991231,
מטופלת בשבוע 32+1 ,מטופלת בשבוע 32+1 ,0,,0.230399176,442558,"Gestation period, 32 weeks",SNOMED,Condition,S,0,1,Clinical Finding,7707000,20020131,20991231,
MISSED AB.,MISSED AB.,1,,0.567541063,4129846,Antepartum fetal death,SNOMED,Observation,S,3,1,Clinical Finding,237361005,20020131,20991231,
kcl בשל מוזיאקה של טריזומיה 16,kcl בשל מוזיאקה של טריזומיה 16,1,,0.168634042,35608061,Mosaic trisomy 16 syndrome,SNOMED,Condition,S,0,2,Clinical Finding,764621006,20180731,20991231,
kcl בשל מוזיאקה של טריזומיה 16,kcl בשל מוזיאקה של טריזומיה 16,1,,0.168634042,436228,Fetal death due to termination of pregnancy,SNOMED,Observation,S,0,1,Clinical Finding,67313008,20020131,20991231,
הפסקת הריון יזומה בשל מומים בעובר,הפסקת הריון יזומה בשל מומים בעובר,1,,0.1757503,4079975,Congenital malformation,SNOMED,Condition,S,51,2,Clinical Finding,276654001,20020131,20991231,
הפסקת הריון יזומה בשל מומים בעובר,הפסקת הריון יזומה בשל מומים בעובר,1,,0.1757503,436228,Fetal death due to termination of pregnancy,SNOMED,Observation,S,0,1,Clinical Finding,67313008,20020131,20991231,
FETOCIDE FOR MULTIPLE MALFORMATION,FETOCIDE FOR MULTIPLE MALFORMATION,1,,0.636255622,4079975,Congenital malformation,SNOMED,Condition,S,51,2,Clinical Finding,276654001,20020131,20991231,
FETOCIDE FOR MULTIPLE MALFORMATION,FETOCIDE FOR MULTIPLE MALFORMATION,1,,0.636255622,436228,Fetal death due to termination of pregnancy,SNOMED,Observation,S,0,1,Clinical Finding,67313008,20020131,20991231,
בוארו שבוע 23+5 בשל טריזומיה 18.,בוארו שבוע 23+5 בשל טריזומיה 18.,1,,0.164390281,42537877,Trisomy 18,SNOMED,Observation,S,0,1,Morph Abnormality,737541007,20180131,20991231,
בוארו שבוע 23+5 בשל טריזומיה 18.,בוארו שבוע 23+5 בשל טריזומיה 18.,1,,0.164390281,436228,Fetal death due to termination of pregnancy,SNOMED,Observation,S,0,1,Clinical Finding,67313008,20020131,20991231,
MISSED תואם שבוע 20,MISSED תואם שבוע 20,1,,0.168408543,4129846,Antepartum fetal death,SNOMED,Observation,S,3,1,Clinical Finding,237361005,20020131,20991231,
MISSED ABORTION 23/07,MISSED ABORTION 23/07,1,,0.476261884,4129846,Antepartum fetal death,SNOMED,Observation,S,3,1,Clinical Finding,237361005,20020131,20991231,
הפסקת הריון בשל ANENCEPHALUS,הפסקת הריון בשל ANENCEPHALUS,1,,0.247717708,436228,Fetal death due to termination of pregnancy,SNOMED,Observation,S,0,1,Clinical Finding,67313008,20020131,20991231,
הפסקת הריון בשל ANENCEPHALUS,הפסקת הריון בשל ANENCEPHALUS,1,,0.247717708,377368,Anencephalus,SNOMED,Condition,S,5,1,Clinical Finding,89369001,20020131,20991231,
BUERO לאחר הזרקת KCL בשל הידרוצפלוס,BUERO לאחר הזרקת KCL בשל הידרוצפלוס,1,,0.139451951,436228,Fetal death due to termination of pregnancy,SNOMED,Observation,S,0,1,Clinical Finding,67313008,20020131,20991231,
BUERO לאחר הזרקת KCL בשל הידרוצפלוס,BUERO לאחר הזרקת KCL בשל הידרוצפלוס,1,,0.139451951,4043738,Hydrocephalus,SNOMED,Condition,S,13,1,Clinical Finding,230745008,20020131,20991231,
IUFD,IUFD,40,,0.59389329,4129846,Antepartum fetal death,SNOMED,Observation,S,3,1,Clinical Finding,237361005,20020131,20991231,
הפסקת הריון בשל מומים (הידרוצפלוס),הפסקת הריון בשל מומים (הידרוצפלוס),1,,0.195708767,436228,Fetal death due to termination of pregnancy,SNOMED,Observation,S,0,1,Clinical Finding,67313008,20020131,20991231,
הפסקת הריון בשל מומים (הידרוצפלוס),הפסקת הריון בשל מומים (הידרוצפלוס),1,,0.195708767,4043738,Hydrocephalus,SNOMED,Condition,S,13,1,Clinical Finding,230745008,20020131,20991231,
מוות נאונטלי לאחר ניסיונות החייאה,מוות נאונטלי לאחר ניסיונות החייאה,1,,0.210948303,4079843,Newborn death,SNOMED,Observation,S,6,1,Clinical Finding,276506001,20020131,20991231,
FETOCIDE עקב הידרוצפלוס וספינה ביפידה,FETOCIDE עקב הידרוצפלוס וספינה ביפידה,1,,0.188302279,436228,Fetal death due to termination of pregnancy,SNOMED,Observation,S,0,1,Clinical Finding,67313008,20020131,20991231,
FETOCIDE עקב הידרוצפלוס וספינה ביפידה,FETOCIDE עקב הידרוצפלוס וספינה ביפידה,1,,0.188302279,4043738,Hydrocephalus,SNOMED,Condition,S,13,1,Clinical Finding,230745008,20020131,20991231,
FETOCIDE עקב הידרוצפלוס וספינה ביפידה,FETOCIDE עקב הידרוצפלוס וספינה ביפידה,1,,0.188302279,37204820,Fetal spina bifida,SNOMED,Condition,S,0,3,Clinical Finding,783724009,20190731,20991231,
חשד לטריזומיה 13 מההריון,חשד לטריזומיה 13 מההריון,0,,0.191429272,42537876,Trisomy 13,SNOMED,Observation,S,0,1,Morph Abnormality,737540008,20180131,20991231,
חשד לטריזומיה 13 מההריון,חשד לטריזומיה 13 מההריון,0,,0.191429272,4217851,Suspected,SNOMED,Observation,S,0,1,Qualifier Value,415684004,20050131,20991231,
TOP בשל מומי מוח,TOP בשל מומי מוח,1,,0.270475835,436228,Fetal death due to termination of pregnancy,SNOMED,Observation,S,0,1,Clinical Finding,67313008,20020131,20991231,
TOP בשל מומי מוח,TOP בשל מומי מוח,1,,0.270475835,377085,Congenital anomaly of brain,SNOMED,Condition,S,103,3,Clinical Finding,57148006,20020131,20991231,
INTRAUTERINE fetal death,INTRAUTERINE fetal death,1,,0.826169074,4129846,Antepartum fetal death,SNOMED,Observation,S,3,1,Clinical Finding,237361005,20020131,20991231,
הפסקת הריון לא רצוי,הפסקת הריון לא רצוי,1,,0.236460224,436228,Fetal death due to termination of pregnancy,SNOMED,Observation,S,0,1,Clinical Finding,67313008,20020131,20991231,
FETOCIDE עקב מומים,FETOCIDE עקב מומים,1,,0.2139844,436228,Fetal death due to termination of pregnancy,SNOMED,Observation,S,0,1,Clinical Finding,67313008,20020131,20991231,
FETOCIDE עקב מומים,FETOCIDE עקב מומים,1,,0.2139844,4079975,Congenital malformation,SNOMED,Condition,S,51,2,Clinical Finding,276654001,20020131,20991231,
הפסקת הריון לאחר הזרקת KCL,הפסקת הריון לאחר הזרקת KCL,1,,0.216782957,436228,Fetal death due to termination of pregnancy,SNOMED,Observation,S,0,1,Clinical Finding,67313008,20020131,20991231,
שבוע 24 להריון התקבלה עקב צירים תינוק נפטר במהלך הלידה עצמה,שבוע 24 להריון התקבלה עקב צירים תינוק נפטר במהלך הלידה עצמה,1,,0.1251297,4028785,Fetal intrapartum death,SNOMED,Observation,S,4,1,Clinical Finding,237362003,20020131,20991231,
שבוע 24 להריון התקבלה עקב צירים תינוק נפטר במהלך הלידה עצמה,שבוע 24 להריון התקבלה עקב צירים תינוק נפטר במהלך הלידה עצמה,1,,0.1251297,439922,"Gestation period, 24 weeks",SNOMED,Condition,S,0,2,Clinical Finding,313179009,20020131,20991231,
FETOCIDE על רקע CSP וAGENESIS OF CORPUS COLOSSUM,FETOCIDE על רקע CSP וAGENESIS OF CORPUS COLOSSUM,1,,0.271264285,436228,Fetal death due to termination of pregnancy,SNOMED,Observation,S,0,1,Clinical Finding,67313008,20020131,20991231,
FETOCIDE על רקע CSP וAGENESIS OF CORPUS COLOSSUM,FETOCIDE על רקע CSP וAGENESIS OF CORPUS COLOSSUM,1,,0.271264285,4100573,Absence of septum pellucidum,SNOMED,Condition,S,0,4,Clinical Finding,253143001,20020131,20991231,
FETOCIDE על רקע CSP וAGENESIS OF CORPUS COLOSSUM,FETOCIDE על רקע CSP וAGENESIS OF CORPUS COLOSSUM,1,,0.271264285,4178457,Agenesis of corpus callosum,SNOMED,Condition,S,9,1,Clinical Finding,5102002,20020131,20991231,
TOP PPROM,TOP PPROM,1,,0.460891038,436228,Fetal death due to termination of pregnancy,SNOMED,Observation,S,0,1,Clinical Finding,67313008,20020131,20991231,
TOP PPROM,TOP PPROM,1,,0.460891038,194702,Premature rupture of membranes,SNOMED,Condition,S,8,3,Clinical Finding,44223004,20020131,20991231,
סיבת המוות לא ידועה. ידוע על עובר עם אומפולוצלה.,סיבת המוות לא ידועה. ידוע על עובר עם אומפולוצלה.,1,,0.160163984,4129846,Antepartum fetal death,SNOMED,Observation,S,3,1,Clinical Finding,237361005,20020131,20991231,
סיבת המוות לא ידועה. ידוע על עובר עם אומפולוצלה.,סיבת המוות לא ידועה. ידוע על עובר עם אומפולוצלה.,1,,0.160163984,36307591,Omphalocele,LOINC,Meas Value,S,0,0,Answer,LA20082-6,19700101,20991231,
פטוסייד בשל מומים מרובים בעובר,פטוסייד בשל מומים מרובים בעובר,1,,0.170249864,436228,Fetal death due to termination of pregnancy,SNOMED,Observation,S,0,1,Clinical Finding,67313008,20020131,20991231,
פטוסייד בשל מומים מרובים בעובר,פטוסייד בשל מומים מרובים בעובר,1,,0.170249864,4079975,Congenital malformation,SNOMED,Condition,S,51,2,Clinical Finding,276654001,20020131,20991231,
הפסק הריון,הפסק הריון,0,,0.233150557,436228,Fetal death due to termination of pregnancy,SNOMED,Observation,S,0,1,Clinical Finding,67313008,20020131,20991231,
דימום,דימום,0,,0.634334683,198488,Placental abruption,SNOMED,Condition,S,6,3,Clinical Finding,415105001,20050131,20991231,
MCMA ENTANGLEMENT OF CORD,MCMA ENTANGLEMENT OF CORD,1,,0.554006457,442292,Cord entanglement,SNOMED,Condition,S,5,1,Clinical Finding,53419009,20020131,20991231,
MCMA ENTANGLEMENT OF CORD,MCMA ENTANGLEMENT OF CORD,1,,0.554006457,43021952,Monochorionic monoamniotic twin pregnancy,SNOMED,Condition,S,0,1,Clinical Finding,459171002,20130131,20991231,
פטוסיד בשל מומים בעובר,פטוסיד בשל מומים בעובר,1,,0.193738386,436228,Fetal death due to termination of pregnancy,SNOMED,Observation,S,0,1,Clinical Finding,67313008,20020131,20991231,
פטוסיד בשל מומים בעובר,פטוסיד בשל מומים בעובר,1,,0.193738386,4079975,Congenital malformation,SNOMED,Condition,S,51,2,Clinical Finding,276654001,20020131,20991231,
fetocide due to fetal malformation,fetocide due to fetal malformation,1,,0.681918204,436228,Fetal death due to termination of pregnancy,SNOMED,Observation,S,0,1,Clinical Finding,67313008,20020131,20991231,
fetocide due to fetal malformation,fetocide due to fetal malformation,1,,0.681918204,4079975,Congenital malformation,SNOMED,Condition,S,51,2,Clinical Finding,276654001,20020131,20991231,
TOP- גידול בשליה,TOP- גידול בשליה,1,,0.190642208,436228,Fetal death due to termination of pregnancy,SNOMED,Observation,S,0,1,Clinical Finding,67313008,20020131,20991231,
TOP- גידול בשליה,TOP- גידול בשליה,1,,0.190642208,4129715,Chorioangioma,SNOMED,Condition,S,0,3,Clinical Finding,237268002,20020131,20991231,
craniosyntosis + septum cavum pellucidum,craniosyntosis + septum cavum pellucidum,1,,0.654623032,4210998,Craniosynostosis syndrome,SNOMED,Condition,S,40,1,Clinical Finding,57219006,20020131,20991231,
craniosyntosis + septum cavum pellucidum,craniosyntosis + septum cavum pellucidum,1,,0.654623032,4100573,Absence of septum pellucidum,SNOMED,Condition,S,0,4,Clinical Finding,253143001,20020131,20991231,
לא ידוע,לא ידוע,36,,0.199655831,4129846,Antepartum fetal death,SNOMED,Observation,S,3,1,Clinical Finding,237361005,20020131,20991231,
חסר בקורפוסקלוסום,חסר בקורפוסקלוסום,1,,0.172324687,4178457,Agenesis of corpus callosum,SNOMED,Condition,S,9,1,Clinical Finding,5102002,20020131,20991231,
Intrapartum Fetal Death,Intrapartum Fetal Death,102,,1,4028785,Fetal intrapartum death,SNOMED,Observation,S,4,1,Clinical Finding,237362003,20020131,20991231,
21 TRISOMY,21 TRISOMY,1,,0.690045834,45880552,Down syndrome,LOINC,Meas Value,S,0,0,Answer,LA20088-3,19700101,20991231,
טריזומיה 18,טריזומיה 18,1,,0.222343415,42537877,Trisomy 18,SNOMED,Observation,S,0,1,Morph Abnormality,737541007,20180131,20991231,
fetocide עקב מום לבבי וטריזומי 21,fetocide עקב מום לבבי וטריזומי 21,1,,0.147756249,436228,Fetal death due to termination of pregnancy,SNOMED,Observation,S,0,1,Clinical Finding,67313008,20020131,20991231,
fetocide עקב מום לבבי וטריזומי 21,fetocide עקב מום לבבי וטריזומי 21,1,,0.147756249,43021739,Abnormality of fetal heart,SNOMED,Condition,S,29,2,Clinical Finding,473383000,20130131,20991231,
fetocide עקב מום לבבי וטריזומי 21,fetocide עקב מום לבבי וטריזומי 21,1,,0.147756249,45880552,Down syndrome,LOINC,Meas Value,S,0,0,Answer,LA20088-3,19700101,20991231,
הפסקת הריון,הפסקת הריון,2,,0.28847912,436228,Fetal death due to termination of pregnancy,SNOMED,Observation,S,0,1,Clinical Finding,67313008,20020131,20991231,
FETOCIDE הידרופס ומומי לב,FETOCIDE הידרופס ומומי לב,1,,0.17978619,436228,Fetal death due to termination of pregnancy,SNOMED,Observation,S,0,1,Clinical Finding,67313008,20020131,20991231,
FETOCIDE הידרופס ומומי לב,FETOCIDE הידרופס ומומי לב,1,,0.17978619,43021739,Abnormality of fetal heart,SNOMED,Condition,S,29,2,Clinical Finding,473383000,20130131,20991231,
FETOCIDE הידרופס ומומי לב,FETOCIDE הידרופס ומומי לב,1,,0.17978619,4173169,Hydrops fetalis,SNOMED,Condition,S,4,3,Clinical Finding,276508000,20020131,20991231,
tracheal obstruction,tracheal obstruction,1,,1,4249742,Obstruction of trachea,SNOMED,Condition,S,3,2,Clinical Finding,73342002,20020131,20991231,
הזרקת KCL בגלל מומים,הזרקת KCL בגלל מומים,1,,0.206794664,436228,Fetal death due to termination of pregnancy,SNOMED,Observation,S,0,1,Clinical Finding,67313008,20020131,20991231,
הזרקת KCL בגלל מומים,הזרקת KCL בגלל מומים,1,,0.206794664,4079975,Congenital malformation,SNOMED,Condition,S,51,2,Clinical Finding,276654001,20020131,20991231,
FETOCIDE עקב מומי לב,FETOCIDE עקב מומי לב,1,,0.1899575,436228,Fetal death due to termination of pregnancy,SNOMED,Observation,S,0,1,Clinical Finding,67313008,20020131,20991231,
FETOCIDE עקב מומי לב,FETOCIDE עקב מומי לב,1,,0.1899575,43021739,Abnormality of fetal heart,SNOMED,Condition,S,29,2,Clinical Finding,473383000,20130131,20991231,
הפסקת הריון על ידי הזרקת KCL לעובר בשל מומים מרובים,הפסקת הריון על ידי הזרקת KCL לעובר בשל מומים מרובים,1,,0.146439239,436228,Fetal death due to termination of pregnancy,SNOMED,Observation,S,0,1,Clinical Finding,67313008,20020131,20991231,
הפסקת הריון על ידי הזרקת KCL לעובר בשל מומים מרובים,הפסקת הריון על ידי הזרקת KCL לעובר בשל מומים מרובים,1,,0.146439239,4079975,Congenital malformation,SNOMED,Condition,S,51,2,Clinical Finding,276654001,20020131,20991231,
הפסקת הריון לאחר אישור וועדה בשל תסמונת טמנר,הפסקת הריון לאחר אישור וועדה בשל תסמונת טמנר,0,,0.175435126,436228,Fetal death due to termination of pregnancy,SNOMED,Observation,S,0,1,Clinical Finding,67313008,20020131,20991231,
הפסקת הריון לאחר אישור וועדה בשל תסמונת טמנר,הפסקת הריון לאחר אישור וועדה בשל תסמונת טמנר,0,,0.175435126,45757374,Fetus with Turner syndrome,SNOMED,Condition,S,0,2,Clinical Finding,125491000119103,20140731,20991231,
לא ידוע. לציין SERO-CONVERSIA CMV,לא ידוע. לציין SERO-CONVERSIA CMV,1,,0.251580149,4129846,Antepartum fetal death,SNOMED,Observation,S,3,1,Clinical Finding,237361005,20020131,20991231,
לא ידוע. לציין SERO-CONVERSIA CMV,לא ידוע. לציין SERO-CONVERSIA CMV,1,,0.251580149,3198366,Positive IgG CMV serology,Nebraska Lexicon,Condition,S,0,2,Clinical Finding,14890001000004101,20160128,20991231,
לא ידועה,לא ידועה,11,,0.18072395,4129846,Antepartum fetal death,SNOMED,Observation,S,3,1,Clinical Finding,237361005,20020131,20991231,
הפסקת הריון יזומה עקב מומים,הפסקת הריון יזומה עקב מומים,1,,0.258277118,436228,Fetal death due to termination of pregnancy,SNOMED,Observation,S,0,1,Clinical Finding,67313008,20020131,20991231,
הפסקת הריון יזומה עקב מומים,הפסקת הריון יזומה עקב מומים,1,,0.258277118,4079975,Congenital malformation,SNOMED,Condition,S,51,2,Clinical Finding,276654001,20020131,20991231,
הזרקת KCL לבוארו בשבוע 23+3 בשל מומים עובריים.,הזרקת KCL לבוארו בשבוע 23+3 בשל מומים עובריים.,1,,0.155069739,436228,Fetal death due to termination of pregnancy,SNOMED,Observation,S,0,1,Clinical Finding,67313008,20020131,20991231,
הזרקת KCL לבוארו בשבוע 23+3 בשל מומים עובריים.,הזרקת KCL לבוארו בשבוע 23+3 בשל מומים עובריים.,1,,0.155069739,4079975,Congenital malformation,SNOMED,Condition,S,51,2,Clinical Finding,276654001,20020131,20991231,
top patients request,top patients request,1,,0.710476696,436228,Fetal death due to termination of pregnancy,SNOMED,Observation,S,0,1,Clinical Finding,67313008,20020131,20991231,
SEVER IUGR,SEVER IUGR,1,,0.467445731,80204,Fetal growth restriction,SNOMED,Condition,S,3,1,Clinical Finding,22033007,20020131,20991231,
בעבהתפתחות המוח בהמיגרציה בעטיה אין תהליך של גירציה באונות פרונטליות ובאזור האופרקולום דו צדדית,בעבהתפתחות המוח בהמיגרציה בעטיה אין תהליך של גירציה באונות פרונטליות ובאזור האופרקולום דו צדדית,1,,0.167483389,377085,Congenital anomaly of brain,SNOMED,Condition,S,103,3,Clinical Finding,57148006,20020131,20991231,
הפסקת הריון יזומה בשל סינדרום פוטר,הפסקת הריון יזומה בשל סינדרום פוטר,1,,0.225126877,436228,Fetal death due to termination of pregnancy,SNOMED,Observation,S,0,1,Clinical Finding,67313008,20020131,20991231,
הפסקת הריון יזומה בשל סינדרום פוטר,הפסקת הריון יזומה בשל סינדרום פוטר,1,,0.225126877,4223016,Oligohydramnios sequence,SNOMED,Condition,S,0,4,Clinical Finding,41962002,20020131,20991231,
MISSED 22/15,MISSED 22/15,1,,0.376451403,4129846,Antepartum fetal death,SNOMED,Observation,S,3,1,Clinical Finding,237361005,20020131,20991231,
הפסקת היריון סלקטיבית בשל סקרוקוקסיגייל טרטומה,הפסקת היריון סלקטיבית בשל סקרוקוקסיגייל טרטומה,1,,0.183389783,4045947,Selective fetal reduction,SNOMED,Procedure,S,0,2,Procedure,133874006,20020131,20991231,
הפסקת היריון סלקטיבית בשל סקרוקוקסיגייל טרטומה,הפסקת היריון סלקטיבית בשל סקרוקוקסיגייל טרטומה,1,,0.183389783,4083497,Sacrococcygeal teratoma,SNOMED,Condition,S,0,2,Clinical Finding,281561000,20020131,20991231,
missed abortion 22,missed abortion 22,1,,0.856509507,4129846,Antepartum fetal death,SNOMED,Observation,S,3,1,Clinical Finding,237361005,20020131,20991231,
Antepartum Fetal Death,Antepartum Fetal Death,194,,1,4129846,Antepartum fetal death,SNOMED,Observation,S,3,1,Clinical Finding,237361005,20020131,20991231,
מומים בעובר חוסר בכרומוזום 10,מומים בעובר חוסר בכרומוזום 10,1,,0.13939923,434153,Congenital chromosomal disease,SNOMED,Condition,S,23,2,Clinical Finding,74345006,20020131,20991231,
הפסקת הריון בשל IUGR ומיעוט מים.,הפסקת הריון בשל IUGR ומיעוט מים.,1,,0.17830798,436228,Fetal death due to termination of pregnancy,SNOMED,Observation,S,0,1,Clinical Finding,67313008,20020131,20991231,
הפסקת הריון בשל IUGR ומיעוט מים.,הפסקת הריון בשל IUGR ומיעוט מים.,1,,0.17830798,80204,Fetal growth restriction,SNOMED,Condition,S,3,1,Clinical Finding,22033007,20020131,20991231,
הפסקת הריון בשל IUGR ומיעוט מים.,הפסקת הריון בשל IUGR ומיעוט מים.,1,,0.17830798,434111,Oligohydramnios,SNOMED,Condition,S,4,2,Clinical Finding,59566000,20020131,20991231,
הפסקת הריון בשל מומים כרומוזומליים,הפסקת הריון בשל מומים כרומוזומליים,1,,0.188711569,436228,Fetal death due to termination of pregnancy,SNOMED,Observation,S,0,1,Clinical Finding,67313008,20020131,20991231,
הפסקת הריון בשל מומים כרומוזומליים,הפסקת הריון בשל מומים כרומוזומליים,1,,0.188711569,4143203,Fetus with chromosomal abnormality,SNOMED,Condition,S,6,2,Clinical Finding,267253006,20020131,20991231,
IUFD + מומים,IUFD + מומים,1,,0.258125037,4079975,Congenital malformation,SNOMED,Condition,S,51,2,Clinical Finding,276654001,20020131,20991231,
IUFD + מומים,IUFD + מומים,1,,0.258125037,4129846,Antepartum fetal death,SNOMED,Observation,S,3,1,Clinical Finding,237361005,20020131,20991231,
SPINA BIFIDA,SPINA BIFIDA,1,,1,37204820,Fetal spina bifida,SNOMED,Condition,S,0,3,Clinical Finding,783724009,20190731,20991231,
TOP,TOP,182,,1,436228,Fetal death due to termination of pregnancy,SNOMED,Observation,S,0,1,Clinical Finding,67313008,20020131,20991231,
זרימות בחבל הטבור PI מעל אחזון 95,זרימות בחבל הטבור PI מעל אחזון 95,1,,0.242176637,4345690,Fetal effect of placental insufficiency,SNOMED,Condition,S,0,3,Clinical Finding,240322003,20020131,20991231,
תאום שנפטר לפני כשישה שבועות,תאום שנפטר לפני כשישה שבועות,1,,0.134563684,4028786,Intrauterine death of one twin,SNOMED,Observation,S,1,1,Clinical Finding,237363008,20020131,20991231,
הוזרק KCL בשל חסר קורפוס קלוזום,הוזרק KCL בשל חסר קורפוס קלוזום,1,,0.135025486,436228,Fetal death due to termination of pregnancy,SNOMED,Observation,S,0,1,Clinical Finding,67313008,20020131,20991231,
הוזרק KCL בשל חסר קורפוס קלוזום,הוזרק KCL בשל חסר קורפוס קלוזום,1,,0.135025486,4178457,Agenesis of corpus callosum,SNOMED,Condition,S,9,1,Clinical Finding,5102002,20020131,20991231,
fetocide בשל ריבוי מומים,fetocide בשל ריבוי מומים,1,,0.216426179,436228,Fetal death due to termination of pregnancy,SNOMED,Observation,S,0,1,Clinical Finding,67313008,20020131,20991231,
fetocide בשל ריבוי מומים,fetocide בשל ריבוי מומים,1,,0.216426179,4079975,Congenital malformation,SNOMED,Condition,S,51,2,Clinical Finding,276654001,20020131,20991231,
TOP על רקע של מחלה גנטית.,TOP על רקע של מחלה גנטית.,1,,0.144721255,436228,Fetal death due to termination of pregnancy,SNOMED,Observation,S,0,1,Clinical Finding,67313008,20020131,20991231,
TOP על רקע של מחלה גנטית.,TOP על רקע של מחלה גנטית.,1,,0.144721255,4205432,Genetic mutation,SNOMED,Condition,S,12,1,Clinical Finding,55446002,20020131,20991231,
לידה מוקדמת,לידה מוקדמת,1,,0.145811126,437369,Postmature infancy,SNOMED,Condition,S,1,1,Clinical Finding,16207008,20020131,20991231,
APD,APD,1,,0.839257479,4129846,Antepartum fetal death,SNOMED,Observation,S,3,1,Clinical Finding,237361005,20020131,20991231,
לא ידוע - לציין C.A.N פעם 1,לא ידוע - לציין C.A.N פעם 1,1,,0.21658352,4129846,Antepartum fetal death,SNOMED,Observation,S,3,1,Clinical Finding,237361005,20020131,20991231,
לא ידוע - לציין C.A.N פעם 1,לא ידוע - לציין C.A.N פעם 1,1,,0.21658352,441646,Umbilical cord around neck,SNOMED,Condition,S,6,1,Clinical Finding,302929008,20020131,20991231,
מומים מרובים,מומים מרובים,2,,0.256777585,4079975,Congenital malformation,SNOMED,Condition,S,51,2,Clinical Finding,276654001,20020131,20991231,
הפסקת הריון לאחר אישור ועדה,הפסקת הריון לאחר אישור ועדה,2,,0.232531652,436228,Fetal death due to termination of pregnancy,SNOMED,Observation,S,0,1,Clinical Finding,67313008,20020131,20991231,
FETOCIDE בשל היפופלזיה חד צדדית של צרבלום,FETOCIDE בשל היפופלזיה חד צדדית של צרבלום,1,,0.224624157,436228,Fetal death due to termination of pregnancy,SNOMED,Observation,S,0,1,Clinical Finding,67313008,20020131,20991231,
FETOCIDE בשל היפופלזיה חד צדדית של צרבלום,FETOCIDE בשל היפופלזיה חד צדדית של צרבלום,1,,0.224624157,377085,Congenital anomaly of brain,SNOMED,Condition,S,103,3,Clinical Finding,57148006,20020131,20991231,
FETOCIDE עקב Agenesis of Corpus calosum,FETOCIDE עקב Agenesis of Corpus calosum,1,,0.448880166,436228,Fetal death due to termination of pregnancy,SNOMED,Observation,S,0,1,Clinical Finding,67313008,20020131,20991231,
FETOCIDE עקב Agenesis of Corpus calosum,FETOCIDE עקב Agenesis of Corpus calosum,1,,0.448880166,4178457,Agenesis of corpus callosum,SNOMED,Condition,S,9,1,Clinical Finding,5102002,20020131,20991231,
הפסקת הריון על רקע מומים,הפסקת הריון על רקע מומים,1,,0.2055531,436228,Fetal death due to termination of pregnancy,SNOMED,Observation,S,0,1,Clinical Finding,67313008,20020131,20991231,
הפסקת הריון על רקע מומים,הפסקת הריון על רקע מומים,1,,0.2055531,4079975,Congenital malformation,SNOMED,Condition,S,51,2,Clinical Finding,276654001,20020131,20991231,
fetocide מומם לבבי,fetocide מומם לבבי,1,,0.148989201,436228,Fetal death due to termination of pregnancy,SNOMED,Observation,S,0,1,Clinical Finding,67313008,20020131,20991231,
fetocide מומם לבבי,fetocide מומם לבבי,1,,0.148989201,43021739,Abnormality of fetal heart,SNOMED,Condition,S,29,2,Clinical Finding,473383000,20130131,20991231,
קשר אמיתי בחבל הטבור וחבל טבור כרוך פעמיים סביב הצוואר,קשר אמיתי בחבל הטבור וחבל טבור כרוך פעמיים סביב הצוואר,0,,0.136695907,441646,Umbilical cord around neck,SNOMED,Condition,S,6,1,Clinical Finding,302929008,20020131,20991231,
קשר אמיתי בחבל הטבור וחבל טבור כרוך פעמיים סביב הצוואר,קשר אמיתי בחבל הטבור וחבל טבור כרוך פעמיים סביב הצוואר,0,,0.136695907,4101082,True knot of umbilical cord,SNOMED,Condition,S,0,2,Clinical Finding,27696007,20020131,20991231,
FETO CIDE,FETO CIDE,1,,0.537977219,436228,Fetal death due to termination of pregnancy,SNOMED,Observation,S,0,1,Clinical Finding,67313008,20020131,20991231,
מום והזרקת KCL ברחם.,מום והזרקת KCL ברחם.,1,,0.187287927,436228,Fetal death due to termination of pregnancy,SNOMED,Observation,S,0,1,Clinical Finding,67313008,20020131,20991231,
מום והזרקת KCL ברחם.,מום והזרקת KCL ברחם.,1,,0.187287927,4079975,Congenital malformation,SNOMED,Condition,S,51,2,Clinical Finding,276654001,20020131,20991231,
בוארו יזום,בוארו יזום,0,,0.135250509,436228,Fetal death due to termination of pregnancy,SNOMED,Observation,S,0,1,Clinical Finding,67313008,20020131,20991231,
בוצע FETOCIDE עקב מומים מרובים בעובר,בוצע FETOCIDE עקב מומים מרובים בעובר,1,,0.162281528,436228,Fetal death due to termination of pregnancy,SNOMED,Observation,S,0,1,Clinical Finding,67313008,20020131,20991231,
בוצע FETOCIDE עקב מומים מרובים בעובר,בוצע FETOCIDE עקב מומים מרובים בעובר,1,,0.162281528,4079975,Congenital malformation,SNOMED,Condition,S,51,2,Clinical Finding,276654001,20020131,20991231,
ANACEFALUS,ANACEFALUS,1,,0.59286803,377368,Anencephalus,SNOMED,Condition,S,5,1,Clinical Finding,89369001,20020131,20991231,
הפסקת הריון בשל מומים עובריים,הפסקת הריון בשל מומים עובריים,1,,0.191362917,436228,Fetal death due to termination of pregnancy,SNOMED,Observation,S,0,1,Clinical Finding,67313008,20020131,20991231,
הפסקת הריון בשל מומים עובריים,הפסקת הריון בשל מומים עובריים,1,,0.191362917,4079975,Congenital malformation,SNOMED,Condition,S,51,2,Clinical Finding,276654001,20020131,20991231,
הזרקת KCL עקב מום.,הזרקת KCL עקב מום.,1,,0.169896543,436228,Fetal death due to termination of pregnancy,SNOMED,Observation,S,0,1,Clinical Finding,67313008,20020131,20991231,
הזרקת KCL עקב מום.,הזרקת KCL עקב מום.,1,,0.169896543,4079975,Congenital malformation,SNOMED,Condition,S,51,2,Clinical Finding,276654001,20020131,20991231,
הפסקת הריון בשל מומים בעובר,הפסקת הריון בשל מומים בעובר,1,,0.197784126,436228,Fetal death due to termination of pregnancy,SNOMED,Observation,S,0,1,Clinical Finding,67313008,20020131,20991231,
הפסקת הריון בשל מומים בעובר,הפסקת הריון בשל מומים בעובר,1,,0.197784126,4079975,Congenital malformation,SNOMED,Condition,S,51,2,Clinical Finding,276654001,20020131,20991231,
הפסקת הריון בשל PPROM בשבוע 23,הפסקת הריון בשל PPROM בשבוע 23,1,,0.211558282,436228,Fetal death due to termination of pregnancy,SNOMED,Observation,S,0,1,Clinical Finding,67313008,20020131,20991231,
הפסקת הריון בשל PPROM בשבוע 23,הפסקת הריון בשל PPROM בשבוע 23,1,,0.211558282,194702,Premature rupture of membranes,SNOMED,Condition,S,8,3,Clinical Finding,44223004,20020131,20991231,
FETOCIDE בשל טריזומיה 13,FETOCIDE בשל טריזומיה 13,1,,0.227640599,436228,Fetal death due to termination of pregnancy,SNOMED,Observation,S,0,1,Clinical Finding,67313008,20020131,20991231,
FETOCIDE בשל טריזומיה 13,FETOCIDE בשל טריזומיה 13,1,,0.227640599,42537876,Trisomy 13,SNOMED,Observation,S,0,1,Morph Abnormality,737540008,20180131,20991231,
fetocide בשל מלפורמציות,fetocide בשל מלפורמציות,1,,0.181148008,436228,Fetal death due to termination of pregnancy,SNOMED,Observation,S,0,1,Clinical Finding,67313008,20020131,20991231,
fetocide בשל מלפורמציות,fetocide בשל מלפורמציות,1,,0.181148008,4079975,Congenital malformation,SNOMED,Condition,S,51,2,Clinical Finding,276654001,20020131,20991231,
FETOCIDE בשל IVH והרחבת חדרי המח,FETOCIDE בשל IVH והרחבת חדרי המח,1,,0.205853865,436228,Fetal death due to termination of pregnancy,SNOMED,Observation,S,0,1,Clinical Finding,67313008,20020131,20991231,
FETOCIDE בשל IVH והרחבת חדרי המח,FETOCIDE בשל IVH והרחבת חדרי המח,1,,0.205853865,4180743,Intraventricular hemorrhage of fetus,SNOMED,Condition,S,0,2,Clinical Finding,428241007,20080131,20991231,
FETOCIDE בשל IVH והרחבת חדרי המח,FETOCIDE בשל IVH והרחבת חדרי המח,1,,0.205853865,42535027,Fetal ultrasound ventriculomegaly,SNOMED,Condition,S,0,3,Clinical Finding,144181000119106,20180131,20991231,
MISSED 22/14,MISSED 22/14,1,,0.304244906,4129846,Antepartum fetal death,SNOMED,Observation,S,3,1,Clinical Finding,237361005,20020131,20991231,
מומים,מומים,9,,0.373789787,4079975,Congenital malformation,SNOMED,Condition,S,51,2,Clinical Finding,276654001,20020131,20991231,
IUFD בשבןע 24+1 - SEVERE IUGR,IUFD בשבןע 24+1 - SEVERE IUGR,1,,0.185558453,4129846,Antepartum fetal death,SNOMED,Observation,S,3,1,Clinical Finding,237361005,20020131,20991231,
IUFD בשבןע 24+1 - SEVERE IUGR,IUFD בשבןע 24+1 - SEVERE IUGR,1,,0.185558453,80204,Fetal growth restriction,SNOMED,Condition,S,3,1,Clinical Finding,22033007,20020131,20991231,
הידרוצפלוס,הידרוצפלוס,1,,0.239685297,4043738,Hydrocephalus,SNOMED,Condition,S,13,1,Clinical Finding,230745008,20020131,20991231,
היולדת הגיעה ללא דופק לחדר לידה.,היולדת הגיעה ללא דופק לחדר לידה.,1,,0.170457125,4129846,Antepartum fetal death,SNOMED,Observation,S,3,1,Clinical Finding,237361005,20020131,20991231,
בוצע FETOCIDE עקב מומ ים,בוצע FETOCIDE עקב מומ ים,1,,0.201117367,436228,Fetal death due to termination of pregnancy,SNOMED,Observation,S,0,1,Clinical Finding,67313008,20020131,20991231,
בוצע FETOCIDE עקב מומ ים,בוצע FETOCIDE עקב מומ ים,1,,0.201117367,4079975,Congenital malformation,SNOMED,Condition,S,51,2,Clinical Finding,276654001,20020131,20991231,
הפסקת הריון יזומה עקב מומים עובריים,הפסקת הריון יזומה עקב מומים עובריים,1,,0.228245601,436228,Fetal death due to termination of pregnancy,SNOMED,Observation,S,0,1,Clinical Finding,67313008,20020131,20991231,
הפסקת הריון יזומה עקב מומים עובריים,הפסקת הריון יזומה עקב מומים עובריים,1,,0.228245601,4079975,Congenital malformation,SNOMED,Condition,S,51,2,Clinical Finding,276654001,20020131,20991231,
FETO CIDE בשל מומים קרדיאליים,FETO CIDE בשל מומים קרדיאליים,1,,0.268863082,436228,Fetal death due to termination of pregnancy,SNOMED,Observation,S,0,1,Clinical Finding,67313008,20020131,20991231,
FETO CIDE בשל מומים קרדיאליים,FETO CIDE בשל מומים קרדיאליים,1,,0.268863082,43021739,Abnormality of fetal heart,SNOMED,Condition,S,29,2,Clinical Finding,473383000,20130131,20991231,
FETOCIDE עקב ACRANIA,FETOCIDE עקב ACRANIA,1,,0.257326365,436228,Fetal death due to termination of pregnancy,SNOMED,Observation,S,0,1,Clinical Finding,67313008,20020131,20991231,
FETOCIDE עקב ACRANIA,FETOCIDE עקב ACRANIA,1,,0.257326365,4070052,Acrania,SNOMED,Condition,S,0,2,Clinical Finding,203923004,20020131,20991231,
MISSED ABORTION 22/19,MISSED ABORTION 22/19,1,,0.542450309,4129846,Antepartum fetal death,SNOMED,Observation,S,3,1,Clinical Finding,237361005,20020131,20991231,
FETOCIDE עקב מומים במוח,FETOCIDE עקב מומים במוח,1,,0.171757042,436228,Fetal death due to termination of pregnancy,SNOMED,Observation,S,0,1,Clinical Finding,67313008,20020131,20991231,
FETOCIDE עקב מומים במוח,FETOCIDE עקב מומים במוח,1,,0.171757042,377085,Congenital anomaly of brain,SNOMED,Condition,S,103,3,Clinical Finding,57148006,20020131,20991231,
הפלה נדחית שבוע 22/15,הפלה נדחית שבוע 22/15,1,,0.214274123,4129846,Antepartum fetal death,SNOMED,Observation,S,3,1,Clinical Finding,237361005,20020131,20991231,
KCL לאחר ירידת מים בשבוע צעיר,KCL לאחר ירידת מים בשבוע צעיר,1,,0.173496738,436228,Fetal death due to termination of pregnancy,SNOMED,Observation,S,0,1,Clinical Finding,67313008,20020131,20991231,
KCL לאחר ירידת מים בשבוע צעיר,KCL לאחר ירידת מים בשבוע צעיר,1,,0.173496738,194702,Premature rupture of membranes,SNOMED,Condition,S,8,3,Clinical Finding,44223004,20020131,20991231,
משבוע 20 האטה בגדילה ושילייה מעובה ובצקתית ללא מיים,משבוע 20 האטה בגדילה ושילייה מעובה ובצקתית ללא מיים,1,,0.143934563,80204,Fetal growth restriction,SNOMED,Condition,S,3,1,Clinical Finding,22033007,20020131,20991231,
משבוע 20 האטה בגדילה ושילייה מעובה ובצקתית ללא מיים,משבוע 20 האטה בגדילה ושילייה מעובה ובצקתית ללא מיים,1,,0.143934563,4208706,Placenta edematous,SNOMED,Condition,S,0,2,Clinical Finding,56425003,20020131,20991231,
משבוע 20 האטה בגדילה ושילייה מעובה ובצקתית ללא מיים,משבוע 20 האטה בגדילה ושילייה מעובה ובצקתית ללא מיים,1,,0.143934563,4210143,Anhydramnios,SNOMED,Condition,S,0,2,Clinical Finding,313017000,20020131,20991231,
מומים בעובר,מומים בעובר,2,,0.214170992,4079975,Congenital malformation,SNOMED,Condition,S,51,2,Clinical Finding,276654001,20020131,20991231,
Placental Abruption,Placental Abruption,1,,1,198488,Placental abruption,SNOMED,Condition,S,6,3,Clinical Finding,415105001,20050131,20991231,
FETOCIDE עקב מיימת,FETOCIDE עקב מיימת,1,,0.164526045,436228,Fetal death due to termination of pregnancy,SNOMED,Observation,S,0,1,Clinical Finding,67313008,20020131,20991231,
FETOCIDE עקב מיימת,FETOCIDE עקב מיימת,1,,0.164526045,4180155,Fetal ascites,SNOMED,Condition,S,0,2,Clinical Finding,363125002,20020131,20991231,
מומים במח העובר עברה פטוציד בשבוע  32,מומים במח העובר עברה פטוציד בשבוע  32,1,,0.114524633,436228,Fetal death due to termination of pregnancy,SNOMED,Observation,S,0,1,Clinical Finding,67313008,20020131,20991231,
מומים במח העובר עברה פטוציד בשבוע  32,מומים במח העובר עברה פטוציד בשבוע  32,1,,0.114524633,377085,Congenital anomaly of brain,SNOMED,Condition,S,103,3,Clinical Finding,57148006,20020131,20991231,
fetoside,fetoside,1,,0.64224714,436228,Fetal death due to termination of pregnancy,SNOMED,Observation,S,0,1,Clinical Finding,67313008,20020131,20991231,
בוצע הפסקת הריון עקב מומים מוח.,בוצע הפסקת הריון עקב מומים מוח.,1,,0.174214005,436228,Fetal death due to termination of pregnancy,SNOMED,Observation,S,0,1,Clinical Finding,67313008,20020131,20991231,
בוצע הפסקת הריון עקב מומים מוח.,בוצע הפסקת הריון עקב מומים מוח.,1,,0.174214005,377085,Congenital anomaly of brain,SNOMED,Condition,S,103,3,Clinical Finding,57148006,20020131,20991231,
הפסקת הריון בגלל מומים עובריים,הפסקת הריון בגלל מומים עובריים,0,,0.183544159,436228,Fetal death due to termination of pregnancy,SNOMED,Observation,S,0,1,Clinical Finding,67313008,20020131,20991231,
הפסקת הריון בגלל מומים עובריים,הפסקת הריון בגלל מומים עובריים,0,,0.183544159,4079975,Congenital malformation,SNOMED,Condition,S,51,2,Clinical Finding,276654001,20020131,20991231,
מומים עובריים,מומים עובריים,1,,0.225178421,4079975,Congenital malformation,SNOMED,Condition,S,51,2,Clinical Finding,276654001,20020131,20991231,
fetocide בשל מומים בלב,fetocide בשל מומים בלב,1,,0.244037166,436228,Fetal death due to termination of pregnancy,SNOMED,Observation,S,0,1,Clinical Finding,67313008,20020131,20991231,
fetocide בשל מומים בלב,fetocide בשל מומים בלב,1,,0.244037166,43021739,Abnormality of fetal heart,SNOMED,Condition,S,29,2,Clinical Finding,473383000,20130131,20991231,
FETOCIDE עקב מומים ואבחנה של TURNER SYNDROME,FETOCIDE עקב מומים ואבחנה של TURNER SYNDROME,1,,0.227770269,436228,Fetal death due to termination of pregnancy,SNOMED,Observation,S,0,1,Clinical Finding,67313008,20020131,20991231,
FETOCIDE עקב מומים ואבחנה של TURNER SYNDROME,FETOCIDE עקב מומים ואבחנה של TURNER SYNDROME,1,,0.227770269,4079975,Congenital malformation,SNOMED,Condition,S,51,2,Clinical Finding,276654001,20020131,20991231,
FETOCIDE עקב מומים ואבחנה של TURNER SYNDROME,FETOCIDE עקב מומים ואבחנה של TURNER SYNDROME,1,,0.227770269,4307885,Turner syndrome,SNOMED,Condition,S,8,2,Clinical Finding,38804009,20020131,20991231,
הפסקת הריון בעקבות מומים לעובר,הפסקת הריון בעקבות מומים לעובר,1,,0.184156984,436228,Fetal death due to termination of pregnancy,SNOMED,Observation,S,0,1,Clinical Finding,67313008,20020131,20991231,
הפסקת הריון בעקבות מומים לעובר,הפסקת הריון בעקבות מומים לעובר,1,,0.184156984,4079975,Congenital malformation,SNOMED,Condition,S,51,2,Clinical Finding,276654001,20020131,20991231,
missed abortion 22/14/,missed abortion 22/14/,1,,0.493363202,4129846,Antepartum fetal death,SNOMED,Observation,S,3,1,Clinical Finding,237361005,20020131,20991231,
IUFD תואם שבוע 21.,IUFD תואם שבוע 21.,1,,0.181649968,4129846,Antepartum fetal death,SNOMED,Observation,S,3,1,Clinical Finding,237361005,20020131,20991231,
"לאחר פטיציד ע""י CORD OCCLUSION בשבוע 25 בשל מומים בעובר הזכר.","לאחר פטיציד ע""י CORD OCCLUSION בשבוע 25 בשל מומים בעובר הזכר.",1,,0.123197049,4045947,Selective fetal reduction,SNOMED,Procedure,S,0,2,Procedure,133874006,20020131,20991231,
"לאחר פטיציד ע""י CORD OCCLUSION בשבוע 25 בשל מומים בעובר הזכר.","לאחר פטיציד ע""י CORD OCCLUSION בשבוע 25 בשל מומים בעובר הזכר.",1,,0.123197049,4079975,Congenital malformation,SNOMED,Condition,S,51,2,Clinical Finding,276654001,20020131,20991231,
FETOCIDE עקב TOF,FETOCIDE עקב TOF,1,,0.225765452,320835,Tetralogy of Fallot,SNOMED,Condition,S,8,8,Clinical Finding,86299006,20020131,20991231,
FETOCIDE עקב TOF,FETOCIDE עקב TOF,1,,0.225765452,436228,Fetal death due to termination of pregnancy,SNOMED,Observation,S,0,1,Clinical Finding,67313008,20020131,20991231,
IUFD הגיעה להשרת לידה שבוע 30 להריון עובר מתאים לשבוע 23,IUFD הגיעה להשרת לידה שבוע 30 להריון עובר מתאים לשבוע 23,1,,0.191491529,4129846,Antepartum fetal death,SNOMED,Observation,S,3,1,Clinical Finding,237361005,20020131,20991231,
עקב מומי לב בוצע FETOCIDE,עקב מומי לב בוצע FETOCIDE,1,,0.168644309,436228,Fetal death due to termination of pregnancy,SNOMED,Observation,S,0,1,Clinical Finding,67313008,20020131,20991231,
עקב מומי לב בוצע FETOCIDE,עקב מומי לב בוצע FETOCIDE,1,,0.168644309,43021739,Abnormality of fetal heart,SNOMED,Condition,S,29,2,Clinical Finding,473383000,20130131,20991231,
fetocide בשל מלפורמציות במוח ומומים לבביים,fetocide בשל מלפורמציות במוח ומומים לבביים,1,,0.149402454,436228,Fetal death due to termination of pregnancy,SNOMED,Observation,S,0,1,Clinical Finding,67313008,20020131,20991231,
fetocide בשל מלפורמציות במוח ומומים לבביים,fetocide בשל מלפורמציות במוח ומומים לבביים,1,,0.149402454,43021739,Abnormality of fetal heart,SNOMED,Condition,S,29,2,Clinical Finding,473383000,20130131,20991231,
fetocide בשל מלפורמציות במוח ומומים לבביים,fetocide בשל מלפורמציות במוח ומומים לבביים,1,,0.149402454,377085,Congenital anomaly of brain,SNOMED,Condition,S,103,3,Clinical Finding,57148006,20020131,20991231,
מום מוחי,מום מוחי,1,,0.198023573,377085,Congenital anomaly of brain,SNOMED,Condition,S,103,3,Clinical Finding,57148006,20020131,20991231,
חבל טבור קשור סביב הצוואר,חבל טבור קשור סביב הצוואר,1,,0.221725419,441646,Umbilical cord around neck,SNOMED,Condition,S,6,1,Clinical Finding,302929008,20020131,20991231,
IUFD,IUFD,26,,0.59389329,4129846,Antepartum fetal death,SNOMED,Observation,S,3,1,Clinical Finding,237361005,20020131,20991231,
לא ברורה,לא ברורה,0,,0.214640766,4129846,Antepartum fetal death,SNOMED,Observation,S,3,1,Clinical Finding,237361005,20020131,20991231,
היפחדות שיליה וירידת מים בשבוע 23,היפחדות שיליה וירידת מים בשבוע 23,1,,0.1921051,194702,Premature rupture of membranes,SNOMED,Condition,S,8,3,Clinical Finding,44223004,20020131,20991231,
היפחדות שיליה וירידת מים בשבוע 23,היפחדות שיליה וירידת מים בשבוע 23,1,,0.1921051,198488,Placental abruption,SNOMED,Condition,S,6,3,Clinical Finding,415105001,20050131,20991231,
FETOCIDE בשל מומים מרובים,FETOCIDE בשל מומים מרובים,1,,0.224323332,436228,Fetal death due to termination of pregnancy,SNOMED,Observation,S,0,1,Clinical Finding,67313008,20020131,20991231,
FETOCIDE בשל מומים מרובים,FETOCIDE בשל מומים מרובים,1,,0.224323332,4079975,Congenital malformation,SNOMED,Condition,S,51,2,Clinical Finding,276654001,20020131,20991231,
מומי לב,מומי לב,1,,0.277016699,43021739,Abnormality of fetal heart,SNOMED,Condition,S,29,2,Clinical Finding,473383000,20130131,20991231,
הפסקת הריון בשל מעוט מי שפיר,הפסקת הריון בשל מעוט מי שפיר,1,,0.258865625,436228,Fetal death due to termination of pregnancy,SNOMED,Observation,S,0,1,Clinical Finding,67313008,20020131,20991231,
הפסקת הריון בשל מעוט מי שפיר,הפסקת הריון בשל מעוט מי שפיר,1,,0.258865625,434111,Oligohydramnios,SNOMED,Condition,S,4,2,Clinical Finding,59566000,20020131,20991231,
IUFD בשבוע 22,IUFD בשבוע 22,2,,0.23803179,4129846,Antepartum fetal death,SNOMED,Observation,S,3,1,Clinical Finding,237361005,20020131,20991231,
fetocide עקב מום,fetocide עקב מום,1,,0.196050763,436228,Fetal death due to termination of pregnancy,SNOMED,Observation,S,0,1,Clinical Finding,67313008,20020131,20991231,
fetocide עקב מום,fetocide עקב מום,1,,0.196050763,4079975,Congenital malformation,SNOMED,Condition,S,51,2,Clinical Finding,276654001,20020131,20991231,
הפסקת הריון יזומה עם KCL בשל מומים עובריים,הפסקת הריון יזומה עם KCL בשל מומים עובריים,1,,0.159751207,436228,Fetal death due to termination of pregnancy,SNOMED,Observation,S,0,1,Clinical Finding,67313008,20020131,20991231,
הפסקת הריון יזומה עם KCL בשל מומים עובריים,הפסקת הריון יזומה עם KCL בשל מומים עובריים,1,,0.159751207,4079975,Congenital malformation,SNOMED,Condition,S,51,2,Clinical Finding,276654001,20020131,20991231,
מומים מרובים חשיפה לCMV.,מומים מרובים חשיפה לCMV.,0,,0.227952003,4171253,Fetal cytomegalovirus syndrome,SNOMED,Condition,S,0,2,Clinical Finding,276701009,20020131,20991231,
TOP,TOP,6,,1,436228,Fetal death due to termination of pregnancy,SNOMED,Observation,S,0,1,Clinical Finding,67313008,20020131,20991231,
FETOCIDE - בגלל מומי לב,FETOCIDE - בגלל מומי לב,1,,0.232531324,436228,Fetal death due to termination of pregnancy,SNOMED,Observation,S,0,1,Clinical Finding,67313008,20020131,20991231,
FETOCIDE - בגלל מומי לב,FETOCIDE - בגלל מומי לב,1,,0.232531324,43021739,Abnormality of fetal heart,SNOMED,Condition,S,29,2,Clinical Finding,473383000,20130131,20991231,
ביצוע FETOCIDE ,ביצוע FETOCIDE ,0,,0.157989189,436228,Fetal death due to termination of pregnancy,SNOMED,Observation,S,0,1,Clinical Finding,67313008,20020131,20991231,
FETOCIDE בגלל IUGR ןמומים רבים.,FETOCIDE בגלל IUGR ןמומים רבים.,1,,0.151492402,4079975,Congenital malformation,SNOMED,Condition,S,51,2,Clinical Finding,276654001,20020131,20991231,
FETOCIDE בגלל IUGR ןמומים רבים.,FETOCIDE בגלל IUGR ןמומים רבים.,1,,0.151492402,436228,Fetal death due to termination of pregnancy,SNOMED,Observation,S,0,1,Clinical Finding,67313008,20020131,20991231,
FETOCIDE בגלל IUGR ןמומים רבים.,FETOCIDE בגלל IUGR ןמומים רבים.,1,,0.151492402,80204,Fetal growth restriction,SNOMED,Condition,S,3,1,Clinical Finding,22033007,20020131,20991231,
IUFD עקב מום לבבי.,IUFD עקב מום לבבי.,1,,0.174525782,4129846,Antepartum fetal death,SNOMED,Observation,S,3,1,Clinical Finding,237361005,20020131,20991231,
IUFD עקב מום לבבי.,IUFD עקב מום לבבי.,1,,0.174525782,43021739,Abnormality of fetal heart,SNOMED,Condition,S,29,2,Clinical Finding,473383000,20130131,20991231,
FETO CIDE בשל ריבוי מומים,FETO CIDE בשל ריבוי מומים,1,,0.216040075,4079975,Congenital malformation,SNOMED,Condition,S,51,2,Clinical Finding,276654001,20020131,20991231,
FETO CIDE בשל ריבוי מומים,FETO CIDE בשל ריבוי מומים,1,,0.216040075,436228,Fetal death due to termination of pregnancy,SNOMED,Observation,S,0,1,Clinical Finding,67313008,20020131,20991231,
הפלה נדחית שבוע 27/15,הפלה נדחית שבוע 27/15,1,,0.212720051,4129846,Antepartum fetal death,SNOMED,Observation,S,3,1,Clinical Finding,237361005,20020131,20991231,
הפסקת הריון בגלל מומים,הפסקת הריון בגלל מומים,1,,0.214711323,436228,Fetal death due to termination of pregnancy,SNOMED,Observation,S,0,1,Clinical Finding,67313008,20020131,20991231,
הפסקת הריון בגלל מומים,הפסקת הריון בגלל מומים,1,,0.214711323,4079975,Congenital malformation,SNOMED,Condition,S,51,2,Clinical Finding,276654001,20020131,20991231,
feto cite בשל ARNOLD CHIARY SYN.+  SPINA BIFIDA,feto cite בשל ARNOLD CHIARY SYN.+  SPINA BIFIDA,1,,0.287280977,436228,Fetal death due to termination of pregnancy,SNOMED,Observation,S,0,1,Clinical Finding,67313008,20020131,20991231,
feto cite בשל ARNOLD CHIARY SYN.+  SPINA BIFIDA,feto cite בשל ARNOLD CHIARY SYN.+  SPINA BIFIDA,1,,0.287280977,37204820,Fetal spina bifida,SNOMED,Condition,S,0,3,Clinical Finding,783724009,20190731,20991231,
feto cite בשל ARNOLD CHIARY SYN.+  SPINA BIFIDA,feto cite בשל ARNOLD CHIARY SYN.+  SPINA BIFIDA,1,,0.287280977,4099094,Chiari malformation,SNOMED,Condition,S,5,2,Clinical Finding,253184003,20020131,20991231,
הפסקת הריון  בשל מומים מרובים,הפסקת הריון  בשל מומים מרובים,1,,0.194846705,436228,Fetal death due to termination of pregnancy,SNOMED,Observation,S,0,1,Clinical Finding,67313008,20020131,20991231,
הפסקת הריון  בשל מומים מרובים,הפסקת הריון  בשל מומים מרובים,1,,0.194846705,4079975,Congenital malformation,SNOMED,Condition,S,51,2,Clinical Finding,276654001,20020131,20991231,
FETOCIDE,FETOCIDE,10,,0.564623654,436228,Fetal death due to termination of pregnancy,SNOMED,Observation,S,0,1,Clinical Finding,67313008,20020131,20991231,
